issue_d,Year_Month,loan_amnt,int_rate,annual_inc,dti,fico_range_low,revol_util,delinq_2yrs,inq_last_6mths,purpose,UNRATE,FEDFUNDS,loan_status,target
Dec-2015,2015-12,3600.0,13.99,55000.0,5.91,675.0,29.7,0.0,1.0,debt_consolidation,5.0,0.24,Fully Paid,0
Dec-2015,2015-12,24700.0,11.99,65000.0,16.06,715.0,19.2,1.0,4.0,small_business,5.0,0.24,Fully Paid,0
Dec-2015,2015-12,20000.0,10.78,63000.0,10.78,695.0,56.2,0.0,0.0,home_improvement,5.0,0.24,Fully Paid,0
Dec-2015,2015-12,10400.0,22.45,104433.0,25.37,695.0,64.5,1.0,3.0,major_purchase,5.0,0.24,Fully Paid,0
Dec-2015,2015-12,11950.0,13.44,34000.0,10.2,690.0,68.4,0.0,0.0,debt_consolidation,5.0,0.24,Fully Paid,0
Dec-2015,2015-12,20000.0,9.17,180000.0,14.67,680.0,84.5,0.0,0.0,debt_consolidation,5.0,0.24,Fully Paid,0
Dec-2015,2015-12,20000.0,8.49,85000.0,17.61,705.0,5.7,1.0,0.0,major_purchase,5.0,0.24,Fully Paid,0
Dec-2015,2015-12,10000.0,6.49,85000.0,13.07,685.0,34.5,0.0,1.0,credit_card,5.0,0.24,Fully Paid,0
Dec-2015,2015-12,8000.0,11.48,42000.0,34.8,700.0,39.1,0.0,0.0,credit_card,5.0,0.24,Fully Paid,0
Dec-2015,2015-12,1400.0,12.88,64000.0,34.95,700.0,67.2,0.0,0.0,other,5.0,0.24,Fully Paid,0
Dec-2015,2015-12,18000.0,19.48,150000.0,9.39,665.0,40.7,0.0,1.0,debt_consolidation,5.0,0.24,Charged Off,1
Dec-2015,2015-12,28000.0,6.49,92000.0,21.6,720.0,64.5,0.0,0.0,debt_consolidation,5.0,0.24,Fully Paid,0
Dec-2015,2015-12,9600.0,7.49,60000.0,22.44,695.0,59.4,0.0,0.0,credit_card,5.0,0.24,Fully Paid,0
Dec-2015,2015-12,25000.0,7.49,109000.0,26.02,745.0,54.3,0.0,1.0,debt_consolidation,5.0,0.24,Fully Paid,0
Dec-2015,2015-12,18000.0,11.99,112000.0,8.68,800.0,15.5,0.0,0.0,debt_consolidation,5.0,0.24,Fully Paid,0
Dec-2015,2015-12,8650.0,19.89,55000.0,25.49,675.0,46.0,0.0,4.0,debt_consolidation,5.0,0.24,Fully Paid,0
Dec-2015,2015-12,29900.0,12.88,65000.0,21.77,715.0,46.7,0.0,0.0,debt_consolidation,5.0,0.24,Fully Paid,0
Dec-2015,2015-12,16000.0,14.85,48000.0,33.18,685.0,29.6,0.0,0.0,credit_card,5.0,0.24,Fully Paid,0
Dec-2015,2015-12,28000.0,13.44,125000.0,7.49,695.0,63.1,0.0,0.0,debt_consolidation,5.0,0.24,Fully Paid,0
Dec-2015,2015-12,5000.0,13.44,79000.0,12.7,665.0,101.5,0.0,0.0,credit_card,5.0,0.24,Fully Paid,0
Dec-2015,2015-12,6000.0,7.49,100000.0,13.28,695.0,72.0,1.0,1.0,debt_consolidation,5.0,0.24,Fully Paid,0
Dec-2015,2015-12,4225.0,14.85,35000.0,15.22,725.0,24.6,2.0,0.0,debt_consolidation,5.0,0.24,Charged Off,1
Dec-2015,2015-12,20000.0,5.32,65000.0,18.83,835.0,3.0,0.0,1.0,debt_consolidation,5.0,0.24,Fully Paid,0
Dec-2015,2015-12,16000.0,17.97,109000.0,23.35,680.0,87.6,0.0,1.0,debt_consolidation,5.0,0.24,Fully Paid,0
Dec-2015,2015-12,17600.0,5.32,88000.0,26.59,780.0,34.4,0.0,0.0,credit_card,5.0,0.24,Fully Paid,0
Dec-2015,2015-12,15000.0,5.32,44000.0,15.34,685.0,50.3,0.0,1.0,home_improvement,5.0,0.24,Fully Paid,0
Dec-2015,2015-12,16000.0,12.88,65000.0,18.96,675.0,54.3,0.0,0.0,small_business,5.0,0.24,Charged Off,1
Dec-2015,2015-12,24250.0,24.24,75000.0,20.84,660.0,65.3,0.0,0.0,debt_consolidation,5.0,0.24,Charged Off,1
Dec-2015,2015-12,12000.0,10.78,98000.0,24.04,690.0,62.8,0.0,0.0,debt_consolidation,5.0,0.24,Fully Paid,0
Dec-2015,2015-12,25000.0,13.99,79000.0,34.53,730.0,18.6,0.0,1.0,debt_consolidation,5.0,0.24,Charged Off,1
Dec-2015,2015-12,7000.0,7.49,59000.0,13.06,730.0,24.2,1.0,1.0,credit_card,5.0,0.24,Fully Paid,0
Dec-2015,2015-12,21000.0,13.99,52000.0,14.47,680.0,87.4,0.0,1.0,credit_card,5.0,0.24,Fully Paid,0
Dec-2015,2015-12,27500.0,14.85,195000.0,6.79,700.0,50.9,0.0,0.0,other,5.0,0.24,Fully Paid,0
Dec-2015,2015-12,7200.0,11.48,72500.0,8.47,725.0,35.2,0.0,1.0,home_improvement,5.0,0.24,Fully Paid,0
Dec-2015,2015-12,20000.0,14.85,110000.0,12.45,690.0,84.5,0.0,0.0,credit_card,5.0,0.24,Fully Paid,0
Dec-2015,2015-12,20000.0,15.77,70000.0,22.21,680.0,36.6,0.0,0.0,house,5.0,0.24,Fully Paid,0
Dec-2015,2015-12,10000.0,17.97,55000.0,35.7,685.0,78.0,0.0,0.0,credit_card,5.0,0.24,Charged Off,1
Dec-2015,2015-12,20000.0,9.8,75000.0,23.45,725.0,9.6,0.0,0.0,debt_consolidation,5.0,0.24,Fully Paid,0
Dec-2015,2015-12,8650.0,5.32,100000.0,7.28,750.0,26.7,0.0,0.0,credit_card,5.0,0.24,Fully Paid,0
Dec-2015,2015-12,21000.0,13.44,54649.0,12.14,670.0,26.8,0.0,0.0,debt_consolidation,5.0,0.24,Fully Paid,0
Dec-2015,2015-12,7200.0,15.77,55000.0,17.35,680.0,69.0,0.0,0.0,debt_consolidation,5.0,0.24,Fully Paid,0
Dec-2015,2015-12,8800.0,9.8,92000.0,5.18,665.0,76.6,0.0,1.0,credit_card,5.0,0.24,Fully Paid,0
Dec-2015,2015-12,2500.0,17.27,50000.0,17.6,670.0,31.1,3.0,4.0,other,5.0,0.24,Fully Paid,0
Dec-2015,2015-12,11000.0,9.17,69000.0,21.34,680.0,84.8,0.0,1.0,credit_card,5.0,0.24,Fully Paid,0
Dec-2015,2015-12,10000.0,12.88,91392.0,9.44,710.0,41.7,0.0,0.0,house,5.0,0.24,Fully Paid,0
Dec-2015,2015-12,28000.0,18.49,75000.0,31.88,685.0,51.9,0.0,0.0,debt_consolidation,5.0,0.24,Fully Paid,0
Dec-2015,2015-12,35000.0,11.99,128000.0,6.46,685.0,27.4,0.0,0.0,home_improvement,5.0,0.24,Fully Paid,0
Dec-2015,2015-12,7200.0,9.17,50000.0,19.25,675.0,47.6,0.0,0.0,debt_consolidation,5.0,0.24,Fully Paid,0
Dec-2015,2015-12,10000.0,7.91,40100.0,10.81,680.0,45.0,0.0,1.0,credit_card,5.0,0.24,Fully Paid,0
Dec-2015,2015-12,16000.0,13.44,42000.0,9.6,670.0,44.8,0.0,0.0,credit_card,5.0,0.24,Charged Off,1
Dec-2015,2015-12,21875.0,11.99,47590.0,17.76,700.0,57.1,0.0,0.0,credit_card,5.0,0.24,Fully Paid,0
Dec-2015,2015-12,14025.0,18.49,39000.0,18.0,675.0,74.9,0.0,1.0,debt_consolidation,5.0,0.24,Fully Paid,0
Dec-2015,2015-12,35000.0,12.88,106000.0,17.36,730.0,72.1,0.0,0.0,debt_consolidation,5.0,0.24,Charged Off,1
Dec-2015,2015-12,20000.0,12.88,145000.0,12.28,695.0,80.2,0.0,0.0,debt_consolidation,5.0,0.24,Fully Paid,0
Dec-2015,2015-12,14000.0,14.85,60000.0,24.29,690.0,73.9,0.0,0.0,debt_consolidation,5.0,0.24,Charged Off,1
Dec-2015,2015-12,20000.0,13.99,70000.0,16.9,680.0,42.0,0.0,0.0,debt_consolidation,5.0,0.24,Charged Off,1
Dec-2015,2015-12,4200.0,13.44,102500.0,26.21,700.0,88.5,0.0,0.0,debt_consolidation,5.0,0.24,Fully Paid,0
Dec-2015,2015-12,19000.0,14.85,75000.0,13.09,665.0,63.7,0.0,2.0,credit_card,5.0,0.24,Fully Paid,0
Dec-2015,2015-12,15850.0,23.13,45000.0,34.85,755.0,21.3,0.0,1.0,debt_consolidation,5.0,0.24,Fully Paid,0
Dec-2015,2015-12,30000.0,15.77,175000.0,18.5,725.0,50.3,0.0,1.0,home_improvement,5.0,0.24,Fully Paid,0
Dec-2015,2015-12,1500.0,6.49,45000.0,16.11,745.0,21.2,0.0,0.0,vacation,5.0,0.24,Fully Paid,0
Dec-2015,2015-12,25000.0,5.32,150000.0,9.54,795.0,42.5,0.0,0.0,credit_card,5.0,0.24,Fully Paid,0
Dec-2015,2015-12,20200.0,18.49,60000.0,34.84,720.0,40.6,0.0,0.0,debt_consolidation,5.0,0.24,Charged Off,1
Dec-2015,2015-12,23975.0,19.89,70000.0,33.2,685.0,94.9,0.0,1.0,credit_card,5.0,0.24,Charged Off,1
Dec-2015,2015-12,15000.0,10.78,65000.0,29.28,720.0,69.8,0.0,0.0,debt_consolidation,5.0,0.24,Fully Paid,0
Dec-2015,2015-12,10000.0,10.78,41600.0,15.78,695.0,52.5,0.0,0.0,debt_consolidation,5.0,0.24,Fully Paid,0
Dec-2015,2015-12,15000.0,8.49,110000.0,13.24,670.0,41.4,0.0,0.0,credit_card,5.0,0.24,Fully Paid,0
Dec-2015,2015-12,23100.0,20.5,110000.0,20.43,660.0,94.9,0.0,0.0,car,5.0,0.24,Charged Off,1
Dec-2015,2015-12,27300.0,17.27,65000.0,25.63,660.0,83.0,0.0,0.0,home_improvement,5.0,0.24,Charged Off,1
Dec-2015,2015-12,25000.0,11.48,135000.0,4.65,705.0,13.5,0.0,0.0,credit_card,5.0,0.24,Fully Paid,0
Dec-2015,2015-12,15000.0,10.78,40000.0,10.17,670.0,75.3,0.0,0.0,credit_card,5.0,0.24,Fully Paid,0
Dec-2015,2015-12,10000.0,16.59,30000.0,30.84,715.0,26.6,0.0,2.0,debt_consolidation,5.0,0.24,Fully Paid,0
Dec-2015,2015-12,18500.0,12.88,70000.0,13.2,675.0,57.8,0.0,1.0,debt_consolidation,5.0,0.24,Fully Paid,0
Dec-2015,2015-12,5000.0,7.91,32000.0,13.73,685.0,41.1,0.0,0.0,credit_card,5.0,0.24,Fully Paid,0
Dec-2015,2015-12,9000.0,9.17,50000.0,11.98,800.0,48.5,0.0,2.0,debt_consolidation,5.0,0.24,Fully Paid,0
Dec-2015,2015-12,11000.0,6.49,85000.0,15.0,755.0,20.1,0.0,0.0,credit_card,5.0,0.24,Fully Paid,0
Dec-2015,2015-12,20000.0,6.49,55000.0,29.15,750.0,23.8,0.0,0.0,debt_consolidation,5.0,0.24,Fully Paid,0
Dec-2015,2015-12,15000.0,5.32,80000.0,20.18,775.0,21.4,0.0,1.0,debt_consolidation,5.0,0.24,Fully Paid,0
Dec-2015,2015-12,12000.0,5.32,53750.0,15.3,700.0,17.2,1.0,0.0,debt_consolidation,5.0,0.24,Fully Paid,0
Dec-2015,2015-12,8000.0,10.78,45000.0,21.23,670.0,35.5,0.0,0.0,debt_consolidation,5.0,0.24,Fully Paid,0
Dec-2015,2015-12,12000.0,10.78,40000.0,31.95,665.0,41.4,3.0,0.0,credit_card,5.0,0.24,Fully Paid,0
Dec-2015,2015-12,18000.0,7.49,75000.0,25.65,715.0,33.2,0.0,1.0,debt_consolidation,5.0,0.24,Fully Paid,0
Dec-2015,2015-12,3600.0,11.48,85000.0,17.44,675.0,28.7,0.0,2.0,debt_consolidation,5.0,0.24,Fully Paid,0
Dec-2015,2015-12,7200.0,17.27,20000.0,13.21,705.0,32.6,1.0,1.0,debt_consolidation,5.0,0.24,Charged Off,1
Dec-2015,2015-12,15000.0,13.44,77213.0,18.17,670.0,25.8,0.0,2.0,credit_card,5.0,0.24,Fully Paid,0
Dec-2015,2015-12,5000.0,9.8,72000.0,6.52,710.0,56.3,0.0,0.0,other,5.0,0.24,Fully Paid,0
Dec-2015,2015-12,11550.0,16.59,38000.0,21.07,700.0,39.7,0.0,0.0,credit_card,5.0,0.24,Charged Off,1
Dec-2015,2015-12,33600.0,10.78,104000.0,14.01,690.0,51.8,0.0,2.0,debt_consolidation,5.0,0.24,Fully Paid,0
Dec-2015,2015-12,17475.0,13.99,39750.0,23.58,695.0,52.3,0.0,0.0,debt_consolidation,5.0,0.24,Charged Off,1
Dec-2015,2015-12,9000.0,8.49,47000.0,8.43,675.0,26.7,0.0,0.0,debt_consolidation,5.0,0.24,Fully Paid,0
Dec-2015,2015-12,12000.0,9.8,65000.0,23.84,785.0,13.4,0.0,0.0,debt_consolidation,5.0,0.24,Fully Paid,0
Dec-2015,2015-12,4000.0,9.17,44500.0,15.83,670.0,4.2,0.0,0.0,debt_consolidation,5.0,0.24,Fully Paid,0
Dec-2015,2015-12,10500.0,15.77,70100.0,8.51,660.0,77.4,0.0,0.0,credit_card,5.0,0.24,Fully Paid,0
Dec-2015,2015-12,14000.0,9.8,100000.0,15.97,685.0,36.1,0.0,0.0,medical,5.0,0.24,Fully Paid,0
Dec-2015,2015-12,6000.0,7.91,105000.0,14.45,685.0,65.3,0.0,1.0,car,5.0,0.24,Fully Paid,0
Dec-2015,2015-12,15000.0,9.8,92000.0,13.89,680.0,35.2,0.0,1.0,debt_consolidation,5.0,0.24,Fully Paid,0
Dec-2015,2015-12,12000.0,9.17,39400.0,26.32,705.0,34.6,0.0,1.0,debt_consolidation,5.0,0.24,Fully Paid,0
Dec-2015,2015-12,10000.0,11.48,33000.0,21.75,710.0,35.6,0.0,0.0,debt_consolidation,5.0,0.24,Fully Paid,0
Dec-2015,2015-12,4200.0,13.99,32000.0,31.02,705.0,11.7,0.0,2.0,other,5.0,0.24,Fully Paid,0
Dec-2015,2015-12,35000.0,20.5,120000.0,35.69,700.0,32.2,1.0,0.0,debt_consolidation,5.0,0.24,Fully Paid,0
Dec-2015,2015-12,5475.0,18.99,108000.0,33.47,670.0,41.0,4.0,2.0,debt_consolidation,5.0,0.24,Charged Off,1
Dec-2015,2015-12,6000.0,13.44,38700.0,23.26,690.0,19.2,0.0,1.0,debt_consolidation,5.0,0.24,Fully Paid,0
Dec-2015,2015-12,24000.0,9.17,75000.0,10.11,660.0,39.5,0.0,3.0,debt_consolidation,5.0,0.24,Fully Paid,0
Dec-2015,2015-12,10000.0,12.88,60000.0,3.3,715.0,64.1,0.0,0.0,debt_consolidation,5.0,0.24,Fully Paid,0
Dec-2015,2015-12,6900.0,19.89,80000.0,9.57,665.0,35.9,0.0,3.0,debt_consolidation,5.0,0.24,Fully Paid,0
Dec-2015,2015-12,15975.0,16.59,58800.0,20.45,665.0,71.8,0.0,1.0,debt_consolidation,5.0,0.24,Fully Paid,0
Dec-2015,2015-12,21600.0,13.44,54000.0,17.64,690.0,60.8,0.0,1.0,debt_consolidation,5.0,0.24,Fully Paid,0
Dec-2015,2015-12,14400.0,19.48,73320.0,17.02,660.0,96.8,0.0,0.0,debt_consolidation,5.0,0.24,Charged Off,1
Dec-2015,2015-12,8000.0,13.99,42000.0,23.26,705.0,40.5,0.0,1.0,other,5.0,0.24,Fully Paid,0
Dec-2015,2015-12,7000.0,13.99,83000.0,21.96,680.0,83.1,0.0,0.0,debt_consolidation,5.0,0.24,Fully Paid,0
Dec-2015,2015-12,20000.0,10.78,55000.0,36.94,740.0,43.0,0.0,1.0,debt_consolidation,5.0,0.24,Fully Paid,0
Dec-2015,2015-12,25825.0,26.06,68000.0,31.68,675.0,69.7,0.0,1.0,debt_consolidation,5.0,0.24,Charged Off,1
Dec-2015,2015-12,24575.0,22.45,92000.0,24.16,725.0,79.3,0.0,0.0,debt_consolidation,5.0,0.24,Fully Paid,0
Dec-2015,2015-12,3200.0,8.49,30407.0,20.61,710.0,30.3,0.0,0.0,medical,5.0,0.24,Fully Paid,0
Dec-2015,2015-12,22875.0,15.77,137000.0,32.3,700.0,45.8,0.0,0.0,debt_consolidation,5.0,0.24,Fully Paid,0
Dec-2015,2015-12,35000.0,13.44,125000.0,24.19,710.0,51.9,0.0,0.0,debt_consolidation,5.0,0.24,Fully Paid,0
Dec-2015,2015-12,2400.0,17.27,52000.0,28.38,670.0,41.5,1.0,1.0,home_improvement,5.0,0.24,Fully Paid,0
Dec-2015,2015-12,25000.0,7.49,132000.0,13.83,745.0,48.0,0.0,1.0,debt_consolidation,5.0,0.24,Fully Paid,0
Dec-2015,2015-12,8800.0,12.88,55000.0,35.52,715.0,37.5,0.0,2.0,credit_card,5.0,0.24,Fully Paid,0
Dec-2015,2015-12,2500.0,11.48,16488.0,38.06,770.0,8.2,0.0,1.0,debt_consolidation,5.0,0.24,Fully Paid,0
Dec-2015,2015-12,8000.0,5.32,50000.0,14.86,715.0,35.1,1.0,0.0,credit_card,5.0,0.24,Fully Paid,0
Dec-2015,2015-12,20000.0,11.99,78000.0,27.1,705.0,48.2,0.0,0.0,debt_consolidation,5.0,0.24,Charged Off,1
Dec-2015,2015-12,35000.0,12.88,110000.0,13.39,695.0,47.2,0.0,0.0,major_purchase,5.0,0.24,Charged Off,1
Dec-2015,2015-12,15000.0,7.49,45000.0,10.67,710.0,43.5,3.0,0.0,debt_consolidation,5.0,0.24,Fully Paid,0
Dec-2015,2015-12,16000.0,15.77,70000.0,8.78,705.0,76.1,0.0,1.0,debt_consolidation,5.0,0.24,Charged Off,1
Dec-2015,2015-12,10800.0,13.99,40000.0,26.13,665.0,71.2,0.0,0.0,debt_consolidation,5.0,0.24,Fully Paid,0
Dec-2015,2015-12,7500.0,17.97,15000.0,37.2,685.0,66.7,0.0,0.0,debt_consolidation,5.0,0.24,Fully Paid,0
Dec-2015,2015-12,16000.0,10.78,63000.0,35.19,670.0,46.0,0.0,1.0,debt_consolidation,5.0,0.24,Charged Off,1
Dec-2015,2015-12,9000.0,5.32,49000.0,21.63,755.0,11.7,0.0,0.0,credit_card,5.0,0.24,Fully Paid,0
Dec-2015,2015-12,9500.0,15.77,28000.0,27.95,695.0,55.9,0.0,0.0,other,5.0,0.24,Fully Paid,0
Dec-2015,2015-12,10000.0,7.91,25000.0,29.91,740.0,22.9,0.0,0.0,debt_consolidation,5.0,0.24,Charged Off,1
Dec-2015,2015-12,6000.0,7.91,49000.0,17.92,795.0,4.4,0.0,0.0,debt_consolidation,5.0,0.24,Fully Paid,0
Dec-2015,2015-12,15600.0,13.44,52000.0,15.37,720.0,69.3,0.0,1.0,major_purchase,5.0,0.24,Fully Paid,0
Dec-2015,2015-12,35000.0,8.49,90000.0,13.36,750.0,42.9,0.0,0.0,debt_consolidation,5.0,0.24,Fully Paid,0
Dec-2015,2015-12,5000.0,11.48,78000.0,21.21,700.0,54.3,0.0,1.0,debt_consolidation,5.0,0.24,Fully Paid,0
Dec-2015,2015-12,20400.0,18.49,75000.0,38.65,725.0,42.6,2.0,0.0,credit_card,5.0,0.24,Fully Paid,0
Dec-2015,2015-12,8000.0,17.97,33130.0,11.52,665.0,27.4,1.0,1.0,debt_consolidation,5.0,0.24,Charged Off,1
Dec-2015,2015-12,16000.0,10.78,87500.0,13.74,695.0,83.9,0.0,0.0,debt_consolidation,5.0,0.24,Fully Paid,0
Dec-2015,2015-12,18000.0,7.91,80000.0,15.56,740.0,82.6,0.0,0.0,debt_consolidation,5.0,0.24,Charged Off,1
Dec-2015,2015-12,35000.0,9.17,105000.0,25.07,690.0,85.0,0.0,0.0,debt_consolidation,5.0,0.24,Fully Paid,0
Dec-2015,2015-12,13150.0,5.32,40000.0,20.25,765.0,20.1,0.0,0.0,major_purchase,5.0,0.24,Fully Paid,0
Dec-2015,2015-12,5600.0,9.17,48000.0,19.85,660.0,64.8,0.0,0.0,credit_card,5.0,0.24,Fully Paid,0
Dec-2015,2015-12,23000.0,9.8,90247.0,17.09,680.0,41.3,0.0,0.0,credit_card,5.0,0.24,Fully Paid,0
Dec-2015,2015-12,12600.0,14.85,175000.0,11.75,690.0,47.5,0.0,0.0,credit_card,5.0,0.24,Fully Paid,0
Dec-2015,2015-12,11000.0,16.59,55000.0,16.85,735.0,61.1,0.0,0.0,debt_consolidation,5.0,0.24,Fully Paid,0
Dec-2015,2015-12,4000.0,11.99,41501.0,12.9,685.0,36.3,0.0,0.0,debt_consolidation,5.0,0.24,Fully Paid,0
Dec-2015,2015-12,20000.0,11.48,60000.0,22.62,685.0,61.5,0.0,2.0,debt_consolidation,5.0,0.24,Fully Paid,0
Dec-2015,2015-12,10000.0,9.17,59307.0,32.7,690.0,59.5,1.0,1.0,credit_card,5.0,0.24,Fully Paid,0
Dec-2015,2015-12,18850.0,21.48,55000.0,15.56,700.0,38.4,0.0,2.0,debt_consolidation,5.0,0.24,Charged Off,1
Dec-2015,2015-12,21000.0,11.99,82000.0,15.07,730.0,35.0,0.0,0.0,debt_consolidation,5.0,0.24,Fully Paid,0
Dec-2015,2015-12,10500.0,8.49,60000.0,15.39,685.0,62.6,1.0,0.0,debt_consolidation,5.0,0.24,Fully Paid,0
Dec-2015,2015-12,4575.0,17.27,56000.0,10.03,665.0,27.0,1.0,1.0,house,5.0,0.24,Charged Off,1
Dec-2015,2015-12,5000.0,11.48,17000.0,27.9,690.0,44.3,0.0,1.0,other,5.0,0.24,Fully Paid,0
Dec-2015,2015-12,8000.0,6.99,45000.0,15.15,790.0,23.7,0.0,0.0,home_improvement,5.0,0.24,Fully Paid,0
Dec-2015,2015-12,5000.0,11.99,30000.0,9.16,675.0,28.3,0.0,0.0,debt_consolidation,5.0,0.24,Charged Off,1
Dec-2015,2015-12,9075.0,5.32,40000.0,8.39,815.0,16.3,0.0,0.0,credit_card,5.0,0.24,Fully Paid,0
Dec-2015,2015-12,12500.0,7.49,52000.0,6.83,705.0,80.7,0.0,0.0,credit_card,5.0,0.24,Fully Paid,0
Dec-2015,2015-12,19600.0,15.77,80000.0,18.99,710.0,81.1,0.0,1.0,debt_consolidation,5.0,0.24,Charged Off,1
Dec-2015,2015-12,35000.0,13.99,90000.0,10.97,740.0,12.3,0.0,0.0,debt_consolidation,5.0,0.24,Fully Paid,0
Dec-2015,2015-12,28000.0,8.49,75000.0,24.83,685.0,72.0,0.0,0.0,debt_consolidation,5.0,0.24,Fully Paid,0
Dec-2015,2015-12,14000.0,15.77,45500.0,19.24,690.0,25.9,0.0,0.0,debt_consolidation,5.0,0.24,Charged Off,1
Dec-2015,2015-12,16000.0,9.8,99906.0,6.97,660.0,69.8,0.0,1.0,credit_card,5.0,0.24,Fully Paid,0
Dec-2015,2015-12,14000.0,5.32,120000.0,6.73,775.0,16.9,0.0,0.0,debt_consolidation,5.0,0.24,Fully Paid,0
Dec-2015,2015-12,24000.0,8.49,72000.0,22.8,715.0,34.3,0.0,0.0,debt_consolidation,5.0,0.24,Fully Paid,0
Dec-2015,2015-12,35000.0,13.99,75000.0,18.19,685.0,69.6,0.0,0.0,debt_consolidation,5.0,0.24,Fully Paid,0
Dec-2015,2015-12,8000.0,11.48,21610.0,31.06,705.0,48.4,0.0,0.0,credit_card,5.0,0.24,Fully Paid,0
Dec-2015,2015-12,3600.0,13.44,25000.0,26.45,710.0,30.7,0.0,0.0,debt_consolidation,5.0,0.24,Fully Paid,0
Dec-2015,2015-12,10500.0,13.99,110000.0,30.73,660.0,81.2,1.0,1.0,debt_consolidation,5.0,0.24,Fully Paid,0
Dec-2015,2015-12,3000.0,11.48,105000.0,12.09,685.0,57.9,0.0,1.0,home_improvement,5.0,0.24,Fully Paid,0
Dec-2015,2015-12,16000.0,14.85,43000.0,17.11,675.0,51.2,0.0,0.0,credit_card,5.0,0.24,Fully Paid,0
Dec-2015,2015-12,8000.0,7.49,57000.0,25.01,740.0,41.1,0.0,0.0,debt_consolidation,5.0,0.24,Fully Paid,0
Dec-2015,2015-12,19500.0,7.49,85000.0,13.74,730.0,70.7,0.0,0.0,debt_consolidation,5.0,0.24,Fully Paid,0
Dec-2015,2015-12,2000.0,8.49,140000.0,6.78,845.0,6.8,0.0,1.0,other,5.0,0.24,Fully Paid,0
Dec-2015,2015-12,16000.0,5.32,96000.0,14.45,725.0,29.8,0.0,1.0,debt_consolidation,5.0,0.24,Fully Paid,0
Dec-2015,2015-12,3500.0,10.78,122400.0,17.97,660.0,58.6,0.0,2.0,vacation,5.0,0.24,Fully Paid,0
Dec-2015,2015-12,24000.0,11.48,95000.0,26.89,675.0,102.0,0.0,1.0,debt_consolidation,5.0,0.24,Fully Paid,0
Dec-2015,2015-12,6000.0,5.32,120000.0,3.98,780.0,19.4,0.0,0.0,credit_card,5.0,0.24,Fully Paid,0
Dec-2015,2015-12,24000.0,7.91,100000.0,26.83,675.0,56.4,1.0,0.0,debt_consolidation,5.0,0.24,Fully Paid,0
Dec-2015,2015-12,14875.0,18.49,37231.0,36.3,665.0,27.9,1.0,3.0,debt_consolidation,5.0,0.24,Charged Off,1
Dec-2015,2015-12,10000.0,11.99,45000.0,37.55,685.0,24.4,0.0,0.0,other,5.0,0.24,Fully Paid,0
Dec-2015,2015-12,15000.0,6.99,93000.0,14.86,755.0,43.2,0.0,1.0,credit_card,5.0,0.24,Fully Paid,0
Dec-2015,2015-12,10000.0,5.32,68000.0,14.61,730.0,46.6,0.0,0.0,credit_card,5.0,0.24,Fully Paid,0
Dec-2015,2015-12,24000.0,19.48,97000.0,7.23,685.0,52.5,0.0,0.0,debt_consolidation,5.0,0.24,Fully Paid,0
Dec-2015,2015-12,23525.0,17.97,70000.0,13.33,675.0,90.9,0.0,0.0,debt_consolidation,5.0,0.24,Fully Paid,0
Dec-2015,2015-12,11000.0,10.78,297000.0,12.69,670.0,61.9,1.0,1.0,other,5.0,0.24,Fully Paid,0
Dec-2015,2015-12,24000.0,9.17,210000.0,20.16,690.0,65.1,0.0,1.0,debt_consolidation,5.0,0.24,Fully Paid,0
Dec-2015,2015-12,16000.0,8.49,140000.0,14.68,670.0,77.3,2.0,0.0,credit_card,5.0,0.24,Fully Paid,0
Dec-2015,2015-12,15000.0,7.91,90000.0,17.07,685.0,62.0,0.0,1.0,debt_consolidation,5.0,0.24,Charged Off,1
Dec-2015,2015-12,5000.0,11.99,60000.0,19.56,675.0,50.8,0.0,0.0,debt_consolidation,5.0,0.24,Charged Off,1
Dec-2015,2015-12,15000.0,10.78,85000.0,10.14,685.0,44.7,0.0,0.0,credit_card,5.0,0.24,Fully Paid,0
Dec-2015,2015-12,15000.0,9.8,60000.0,25.56,720.0,25.5,0.0,2.0,credit_card,5.0,0.24,Fully Paid,0
Dec-2015,2015-12,3500.0,13.99,105000.0,17.65,665.0,78.9,0.0,0.0,other,5.0,0.24,Fully Paid,0
Dec-2015,2015-12,20000.0,9.17,130000.0,12.77,715.0,36.5,0.0,0.0,debt_consolidation,5.0,0.24,Fully Paid,0
Dec-2015,2015-12,35000.0,18.49,132500.0,14.48,670.0,83.9,0.0,1.0,debt_consolidation,5.0,0.24,Fully Paid,0
Dec-2015,2015-12,2000.0,11.99,180000.0,12.66,665.0,75.8,0.0,0.0,other,5.0,0.24,Fully Paid,0
Dec-2015,2015-12,12000.0,9.8,39500.0,25.43,725.0,65.7,0.0,0.0,credit_card,5.0,0.24,Fully Paid,0
Dec-2015,2015-12,8000.0,6.99,80000.0,18.92,740.0,36.2,0.0,1.0,credit_card,5.0,0.24,Fully Paid,0
Dec-2015,2015-12,10000.0,9.8,92000.0,10.55,680.0,54.6,1.0,0.0,debt_consolidation,5.0,0.24,Charged Off,1
Dec-2015,2015-12,35000.0,13.99,100000.0,19.43,665.0,80.6,6.0,0.0,debt_consolidation,5.0,0.24,Fully Paid,0
Dec-2015,2015-12,25600.0,7.91,150000.0,10.88,740.0,31.9,0.0,0.0,debt_consolidation,5.0,0.24,Fully Paid,0
Dec-2015,2015-12,4325.0,11.99,90000.0,16.96,730.0,37.8,1.0,1.0,major_purchase,5.0,0.24,Fully Paid,0
Dec-2015,2015-12,6000.0,6.99,48000.0,33.78,760.0,26.6,0.0,0.0,credit_card,5.0,0.24,Fully Paid,0
Dec-2015,2015-12,18200.0,15.77,65000.0,29.28,660.0,59.8,0.0,1.0,credit_card,5.0,0.24,Charged Off,1
Dec-2015,2015-12,10000.0,6.99,54000.0,19.38,700.0,65.3,0.0,0.0,credit_card,5.0,0.24,Fully Paid,0
Dec-2015,2015-12,30000.0,13.44,81000.0,12.03,725.0,52.5,3.0,0.0,debt_consolidation,5.0,0.24,Fully Paid,0
Dec-2015,2015-12,13200.0,5.32,150000.0,15.45,740.0,27.7,0.0,0.0,home_improvement,5.0,0.24,Fully Paid,0
Dec-2015,2015-12,10000.0,6.99,220000.0,4.76,710.0,47.6,0.0,1.0,debt_consolidation,5.0,0.24,Fully Paid,0
Dec-2015,2015-12,3000.0,11.48,75000.0,22.82,665.0,56.4,1.0,0.0,debt_consolidation,5.0,0.24,Fully Paid,0
Dec-2015,2015-12,20000.0,9.8,96000.0,19.04,765.0,37.8,0.0,0.0,debt_consolidation,5.0,0.24,Fully Paid,0
Dec-2015,2015-12,13875.0,11.99,32500.0,23.53,710.0,81.4,0.0,0.0,credit_card,5.0,0.24,Fully Paid,0
Dec-2015,2015-12,18000.0,6.49,76000.0,14.4,755.0,26.9,1.0,0.0,debt_consolidation,5.0,0.24,Fully Paid,0
Dec-2015,2015-12,15225.0,8.49,40000.0,21.21,685.0,31.0,0.0,3.0,debt_consolidation,5.0,0.24,Charged Off,1
Dec-2015,2015-12,16000.0,11.48,65000.0,21.16,705.0,53.9,0.0,0.0,debt_consolidation,5.0,0.24,Charged Off,1
Dec-2015,2015-12,21000.0,9.8,125000.0,6.2,750.0,3.2,0.0,2.0,other,5.0,0.24,Charged Off,1
Dec-2015,2015-12,13000.0,16.59,40000.0,16.74,660.0,100.6,0.0,1.0,debt_consolidation,5.0,0.24,Charged Off,1
Dec-2015,2015-12,20000.0,7.91,120000.0,4.99,705.0,2.5,3.0,1.0,major_purchase,5.0,0.24,Fully Paid,0
Dec-2015,2015-12,31075.0,7.49,70000.0,17.18,725.0,48.6,0.0,1.0,credit_card,5.0,0.24,Fully Paid,0
Dec-2015,2015-12,18000.0,6.99,120000.0,14.88,710.0,63.5,1.0,0.0,credit_card,5.0,0.24,Fully Paid,0
Dec-2015,2015-12,5000.0,9.17,74967.0,33.39,685.0,58.5,0.0,0.0,other,5.0,0.24,Fully Paid,0
Dec-2015,2015-12,4675.0,17.27,13000.0,34.07,675.0,44.1,1.0,1.0,credit_card,5.0,0.24,Fully Paid,0
Dec-2015,2015-12,6000.0,9.8,85140.0,14.42,710.0,57.5,0.0,0.0,debt_consolidation,5.0,0.24,Fully Paid,0
Dec-2015,2015-12,12000.0,12.88,90000.0,12.62,660.0,30.6,0.0,0.0,debt_consolidation,5.0,0.24,Fully Paid,0
Dec-2015,2015-12,13000.0,13.99,115000.0,9.9,700.0,45.2,0.0,0.0,home_improvement,5.0,0.24,Fully Paid,0
Dec-2015,2015-12,1800.0,11.48,50000.0,20.38,660.0,95.7,0.0,0.0,other,5.0,0.24,Fully Paid,0
Dec-2015,2015-12,4475.0,16.59,114000.0,8.36,670.0,44.0,4.0,2.0,credit_card,5.0,0.24,Fully Paid,0
Dec-2015,2015-12,14400.0,6.49,70000.0,16.32,695.0,74.8,0.0,1.0,debt_consolidation,5.0,0.24,Fully Paid,0
Dec-2015,2015-12,5875.0,7.91,70000.0,9.53,670.0,45.1,0.0,0.0,debt_consolidation,5.0,0.24,Fully Paid,0
Dec-2015,2015-12,20000.0,17.97,180000.0,25.1,660.0,92.1,0.0,0.0,debt_consolidation,5.0,0.24,Fully Paid,0
Dec-2015,2015-12,10000.0,6.99,115000.0,23.26,715.0,72.9,0.0,0.0,debt_consolidation,5.0,0.24,Fully Paid,0
Dec-2015,2015-12,34100.0,12.88,92892.0,29.14,735.0,65.2,0.0,0.0,debt_consolidation,5.0,0.24,Fully Paid,0
Dec-2015,2015-12,24000.0,11.48,56457.0,12.37,680.0,86.5,0.0,0.0,credit_card,5.0,0.24,Fully Paid,0
Dec-2015,2015-12,5200.0,10.78,160000.0,8.0,660.0,39.7,1.0,1.0,debt_consolidation,5.0,0.24,Fully Paid,0
Dec-2015,2015-12,16800.0,11.99,50000.0,5.76,675.0,40.7,0.0,1.0,debt_consolidation,5.0,0.24,Fully Paid,0
Dec-2015,2015-12,10000.0,11.99,40000.0,10.95,665.0,27.2,0.0,3.0,debt_consolidation,5.0,0.24,Fully Paid,0
Dec-2015,2015-12,22000.0,17.97,55000.0,22.34,665.0,74.3,1.0,1.0,debt_consolidation,5.0,0.24,Fully Paid,0
Dec-2015,2015-12,28000.0,5.32,144000.0,29.88,715.0,69.0,0.0,0.0,debt_consolidation,5.0,0.24,Fully Paid,0
Dec-2015,2015-12,7200.0,6.49,60000.0,20.68,725.0,67.5,0.0,0.0,credit_card,5.0,0.24,Fully Paid,0
Dec-2015,2015-12,18000.0,11.99,41000.0,38.35,690.0,61.8,0.0,0.0,debt_consolidation,5.0,0.24,Fully Paid,0
Dec-2015,2015-12,8400.0,7.49,30000.0,29.2,730.0,46.0,0.0,0.0,debt_consolidation,5.0,0.24,Fully Paid,0
Dec-2015,2015-12,5000.0,14.85,67000.0,31.08,670.0,57.6,0.0,2.0,credit_card,5.0,0.24,Fully Paid,0
Dec-2015,2015-12,5000.0,9.8,55000.0,10.93,665.0,58.0,0.0,1.0,debt_consolidation,5.0,0.24,Charged Off,1
Dec-2015,2015-12,2400.0,11.48,60000.0,24.14,670.0,62.6,0.0,0.0,debt_consolidation,5.0,0.24,Charged Off,1
Dec-2015,2015-12,15000.0,5.32,60000.0,21.48,790.0,15.7,0.0,0.0,debt_consolidation,5.0,0.24,Fully Paid,0
Dec-2015,2015-12,6075.0,9.17,64400.0,27.37,730.0,17.7,0.0,2.0,debt_consolidation,5.0,0.24,Fully Paid,0
Dec-2015,2015-12,20000.0,10.78,55000.0,22.58,670.0,62.9,0.0,1.0,debt_consolidation,5.0,0.24,Fully Paid,0
Dec-2015,2015-12,6025.0,14.85,110000.0,21.32,665.0,38.4,1.0,2.0,debt_consolidation,5.0,0.24,Fully Paid,0
Dec-2015,2015-12,8400.0,9.17,70000.0,12.96,690.0,60.5,0.0,0.0,debt_consolidation,5.0,0.24,Fully Paid,0
Dec-2015,2015-12,15000.0,12.88,90000.0,21.17,710.0,35.0,0.0,0.0,debt_consolidation,5.0,0.24,Fully Paid,0
Dec-2015,2015-12,12000.0,15.77,143000.0,3.61,695.0,30.2,1.0,1.0,debt_consolidation,5.0,0.24,Fully Paid,0
Dec-2015,2015-12,28800.0,12.88,60000.0,6.68,700.0,48.0,0.0,0.0,home_improvement,5.0,0.24,Fully Paid,0
Dec-2015,2015-12,5000.0,5.32,60000.0,19.22,730.0,16.9,0.0,0.0,debt_consolidation,5.0,0.24,Fully Paid,0
Dec-2015,2015-12,5000.0,12.88,60000.0,30.24,685.0,44.9,2.0,2.0,home_improvement,5.0,0.24,Fully Paid,0
Dec-2015,2015-12,31500.0,11.99,120000.0,10.55,755.0,25.5,0.0,0.0,debt_consolidation,5.0,0.24,Fully Paid,0
Dec-2015,2015-12,24000.0,18.49,165000.0,13.05,660.0,79.1,1.0,1.0,debt_consolidation,5.0,0.24,Fully Paid,0
Dec-2015,2015-12,20000.0,12.88,110000.0,23.89,670.0,57.0,0.0,2.0,debt_consolidation,5.0,0.24,Charged Off,1
Dec-2015,2015-12,24000.0,10.78,110000.0,20.82,735.0,34.6,0.0,0.0,debt_consolidation,5.0,0.24,Fully Paid,0
Dec-2015,2015-12,21850.0,17.27,65000.0,12.74,660.0,97.2,2.0,0.0,debt_consolidation,5.0,0.24,Fully Paid,0
Dec-2015,2015-12,9500.0,6.49,126500.0,8.67,680.0,18.8,1.0,0.0,home_improvement,5.0,0.24,Fully Paid,0
Dec-2015,2015-12,20000.0,8.49,98000.0,16.7,675.0,71.8,1.0,0.0,debt_consolidation,5.0,0.24,Fully Paid,0
Dec-2015,2015-12,20000.0,16.59,135000.0,26.92,685.0,78.0,0.0,4.0,home_improvement,5.0,0.24,Charged Off,1
Dec-2015,2015-12,20000.0,12.88,65000.0,16.93,735.0,24.1,0.0,0.0,credit_card,5.0,0.24,Fully Paid,0
Dec-2015,2015-12,12000.0,6.99,50000.0,20.12,790.0,28.9,0.0,0.0,credit_card,5.0,0.24,Fully Paid,0
Dec-2015,2015-12,10000.0,12.88,65000.0,14.73,670.0,48.3,0.0,0.0,debt_consolidation,5.0,0.24,Fully Paid,0
Dec-2015,2015-12,12000.0,9.8,36500.0,18.91,805.0,26.5,0.0,0.0,debt_consolidation,5.0,0.24,Fully Paid,0
Dec-2015,2015-12,12000.0,7.91,75000.0,6.4,750.0,59.8,0.0,0.0,debt_consolidation,5.0,0.24,Fully Paid,0
Dec-2015,2015-12,6425.0,15.77,41000.0,2.87,670.0,7.0,1.0,2.0,debt_consolidation,5.0,0.24,Fully Paid,0
Dec-2015,2015-12,12700.0,17.97,32760.0,34.32,675.0,38.1,0.0,2.0,debt_consolidation,5.0,0.24,Fully Paid,0
Dec-2015,2015-12,35000.0,13.99,121000.0,9.23,680.0,34.8,0.0,4.0,credit_card,5.0,0.24,Fully Paid,0
Dec-2015,2015-12,15000.0,13.99,48000.0,31.29,670.0,41.7,0.0,0.0,credit_card,5.0,0.24,Charged Off,1
Dec-2015,2015-12,20550.0,16.59,60000.0,26.38,715.0,39.7,0.0,0.0,debt_consolidation,5.0,0.24,Fully Paid,0
Dec-2015,2015-12,25000.0,6.99,127000.0,25.48,725.0,39.1,1.0,0.0,home_improvement,5.0,0.24,Fully Paid,0
Dec-2015,2015-12,14000.0,19.48,115000.0,13.36,660.0,48.2,0.0,0.0,debt_consolidation,5.0,0.24,Fully Paid,0
Dec-2015,2015-12,16925.0,21.48,47000.0,22.09,680.0,42.0,0.0,1.0,major_purchase,5.0,0.24,Charged Off,1
Dec-2015,2015-12,4700.0,13.44,22000.0,17.64,705.0,26.7,0.0,0.0,debt_consolidation,5.0,0.24,Fully Paid,0
Dec-2015,2015-12,5000.0,8.49,25000.0,13.63,675.0,20.1,0.0,0.0,debt_consolidation,5.0,0.24,Fully Paid,0
Dec-2015,2015-12,12000.0,14.85,92500.0,17.66,670.0,2.4,1.0,0.0,debt_consolidation,5.0,0.24,Fully Paid,0
Dec-2015,2015-12,12000.0,9.8,55000.0,12.61,660.0,63.2,1.0,0.0,debt_consolidation,5.0,0.24,Fully Paid,0
Dec-2015,2015-12,15000.0,6.99,117000.0,4.66,700.0,20.4,2.0,2.0,debt_consolidation,5.0,0.24,Fully Paid,0
Dec-2015,2015-12,4900.0,13.44,123000.0,25.6,685.0,64.8,0.0,0.0,debt_consolidation,5.0,0.24,Fully Paid,0
Dec-2015,2015-12,18000.0,7.49,70000.0,16.82,690.0,87.2,1.0,0.0,credit_card,5.0,0.24,Fully Paid,0
Dec-2015,2015-12,18000.0,14.85,48000.0,19.76,660.0,30.9,5.0,1.0,debt_consolidation,5.0,0.24,Charged Off,1
Dec-2015,2015-12,25000.0,17.27,120000.0,21.33,660.0,74.2,2.0,0.0,debt_consolidation,5.0,0.24,Charged Off,1
Dec-2015,2015-12,15000.0,12.88,50000.0,13.92,665.0,40.1,0.0,4.0,debt_consolidation,5.0,0.24,Fully Paid,0
Dec-2015,2015-12,3600.0,11.48,97000.0,18.93,660.0,59.7,1.0,1.0,car,5.0,0.24,Fully Paid,0
Dec-2015,2015-12,33000.0,8.49,92250.0,20.68,735.0,36.6,0.0,1.0,other,5.0,0.24,Fully Paid,0
Dec-2015,2015-12,14950.0,18.99,68000.0,31.36,685.0,57.0,1.0,1.0,debt_consolidation,5.0,0.24,Fully Paid,0
Dec-2015,2015-12,15000.0,12.88,154000.0,35.77,730.0,47.0,1.0,3.0,debt_consolidation,5.0,0.24,Fully Paid,0
Dec-2015,2015-12,7000.0,16.59,30100.0,25.68,680.0,64.8,3.0,0.0,debt_consolidation,5.0,0.24,Fully Paid,0
Dec-2015,2015-12,35000.0,12.88,98000.0,18.93,690.0,40.4,0.0,0.0,debt_consolidation,5.0,0.24,Fully Paid,0
Dec-2015,2015-12,8000.0,8.49,58000.0,5.9,730.0,30.1,0.0,0.0,credit_card,5.0,0.24,Fully Paid,0
Dec-2015,2015-12,20000.0,11.99,40000.0,22.84,710.0,22.6,0.0,1.0,credit_card,5.0,0.24,Charged Off,1
Dec-2015,2015-12,14375.0,19.89,80000.0,37.32,695.0,62.1,0.0,0.0,debt_consolidation,5.0,0.24,Fully Paid,0
Dec-2015,2015-12,21000.0,9.17,85000.0,10.51,705.0,41.6,0.0,0.0,debt_consolidation,5.0,0.24,Fully Paid,0
Dec-2015,2015-12,3700.0,12.88,65000.0,20.81,700.0,8.1,1.0,0.0,debt_consolidation,5.0,0.24,Fully Paid,0
Dec-2015,2015-12,8400.0,9.17,85000.0,26.77,660.0,45.9,1.0,1.0,credit_card,5.0,0.24,Charged Off,1
Dec-2015,2015-12,7200.0,11.48,22000.0,23.57,750.0,8.6,0.0,3.0,debt_consolidation,5.0,0.24,Fully Paid,0
Dec-2015,2015-12,16800.0,8.49,85400.0,17.27,705.0,43.5,0.0,0.0,debt_consolidation,5.0,0.24,Fully Paid,0
Dec-2015,2015-12,9000.0,5.32,150000.0,0.63,795.0,7.0,0.0,0.0,major_purchase,5.0,0.24,Fully Paid,0
Dec-2015,2015-12,6000.0,13.99,43700.0,31.87,660.0,10.3,1.0,0.0,home_improvement,5.0,0.24,Fully Paid,0
Dec-2015,2015-12,34000.0,10.78,76497.0,13.32,705.0,96.9,0.0,0.0,debt_consolidation,5.0,0.24,Fully Paid,0
Dec-2015,2015-12,16000.0,12.88,91000.0,11.78,665.0,40.7,3.0,0.0,debt_consolidation,5.0,0.24,Charged Off,1
Dec-2015,2015-12,11200.0,8.49,70000.0,15.88,685.0,40.8,1.0,0.0,debt_consolidation,5.0,0.24,Fully Paid,0
Dec-2015,2015-12,6000.0,7.91,50000.0,19.42,785.0,24.0,0.0,1.0,debt_consolidation,5.0,0.24,Fully Paid,0
Dec-2015,2015-12,9100.0,6.49,84000.0,15.57,730.0,21.7,0.0,0.0,credit_card,5.0,0.24,Fully Paid,0
Dec-2015,2015-12,10000.0,6.99,60000.0,29.15,710.0,32.7,0.0,1.0,other,5.0,0.24,Fully Paid,0
Dec-2015,2015-12,30000.0,27.49,115000.0,17.73,675.0,58.7,0.0,2.0,other,5.0,0.24,Charged Off,1
Dec-2015,2015-12,8450.0,11.99,37380.0,15.09,670.0,37.0,0.0,0.0,debt_consolidation,5.0,0.24,Fully Paid,0
Dec-2015,2015-12,8775.0,22.45,75000.0,20.37,660.0,33.4,0.0,4.0,credit_card,5.0,0.24,Fully Paid,0
Dec-2015,2015-12,6000.0,5.32,72000.0,17.08,690.0,87.8,1.0,1.0,debt_consolidation,5.0,0.24,Fully Paid,0
Dec-2015,2015-12,10000.0,5.32,75000.0,5.17,770.0,20.4,0.0,1.0,debt_consolidation,5.0,0.24,Fully Paid,0
Dec-2015,2015-12,10000.0,15.77,128000.0,36.23,685.0,67.4,1.0,1.0,debt_consolidation,5.0,0.24,Charged Off,1
Dec-2015,2015-12,7200.0,17.27,22000.0,38.63,700.0,60.9,0.0,0.0,debt_consolidation,5.0,0.24,Fully Paid,0
Dec-2015,2015-12,20000.0,14.85,75000.0,18.76,705.0,89.0,0.0,0.0,debt_consolidation,5.0,0.24,Fully Paid,0
Dec-2015,2015-12,20000.0,9.17,95750.0,19.14,685.0,27.9,1.0,0.0,debt_consolidation,5.0,0.24,Charged Off,1
Dec-2015,2015-12,5000.0,5.32,130000.0,10.44,720.0,25.1,0.0,1.0,debt_consolidation,5.0,0.24,Fully Paid,0
Dec-2015,2015-12,15000.0,9.8,35179.0,23.47,705.0,45.4,0.0,0.0,debt_consolidation,5.0,0.24,Charged Off,1
Dec-2015,2015-12,23950.0,17.97,160000.0,18.41,675.0,59.0,0.0,1.0,credit_card,5.0,0.24,Charged Off,1
Dec-2015,2015-12,15000.0,10.78,160000.0,24.79,670.0,78.8,0.0,0.0,debt_consolidation,5.0,0.24,Fully Paid,0
Dec-2015,2015-12,2250.0,8.49,60000.0,16.88,690.0,59.5,0.0,1.0,credit_card,5.0,0.24,Fully Paid,0
Dec-2015,2015-12,14000.0,13.44,40000.0,37.39,670.0,63.8,0.0,1.0,debt_consolidation,5.0,0.24,Fully Paid,0
Dec-2015,2015-12,14000.0,12.88,80000.0,5.04,660.0,37.8,0.0,2.0,debt_consolidation,5.0,0.24,Charged Off,1
Dec-2015,2015-12,18000.0,7.49,83000.0,7.93,700.0,24.1,0.0,1.0,debt_consolidation,5.0,0.24,Fully Paid,0
Dec-2015,2015-12,12000.0,5.32,72500.0,2.71,745.0,26.9,0.0,0.0,other,5.0,0.24,Fully Paid,0
Dec-2015,2015-12,5600.0,10.78,46000.0,13.18,660.0,84.4,0.0,0.0,credit_card,5.0,0.24,Fully Paid,0
Dec-2015,2015-12,35000.0,16.59,83000.0,25.52,700.0,78.4,0.0,1.0,debt_consolidation,5.0,0.24,Fully Paid,0
Dec-2015,2015-12,8000.0,12.88,43500.0,22.48,700.0,22.1,0.0,1.0,other,5.0,0.24,Charged Off,1
Dec-2015,2015-12,2400.0,13.44,26000.0,16.39,670.0,35.3,0.0,0.0,debt_consolidation,5.0,0.24,Fully Paid,0
Dec-2015,2015-12,35000.0,17.27,98000.0,19.74,685.0,47.8,0.0,3.0,debt_consolidation,5.0,0.24,Fully Paid,0
Dec-2015,2015-12,7000.0,12.88,55000.0,37.22,735.0,0.0,0.0,0.0,other,5.0,0.24,Fully Paid,0
Dec-2015,2015-12,8000.0,11.99,23200.0,33.78,675.0,40.8,0.0,1.0,debt_consolidation,5.0,0.24,Fully Paid,0
Dec-2015,2015-12,6125.0,17.27,70000.0,17.36,690.0,27.1,0.0,0.0,debt_consolidation,5.0,0.24,Fully Paid,0
Dec-2015,2015-12,10400.0,13.44,150000.0,18.51,670.0,66.7,1.0,1.0,debt_consolidation,5.0,0.24,Charged Off,1
Dec-2015,2015-12,30000.0,7.91,134000.0,17.1,725.0,42.4,0.0,1.0,debt_consolidation,5.0,0.24,Fully Paid,0
Dec-2015,2015-12,4000.0,14.85,30000.0,8.18,665.0,20.1,1.0,2.0,debt_consolidation,5.0,0.24,Fully Paid,0
Dec-2015,2015-12,10000.0,10.78,125000.0,19.92,685.0,24.0,1.0,0.0,debt_consolidation,5.0,0.24,Fully Paid,0
Dec-2015,2015-12,16000.0,7.91,50000.0,24.41,715.0,64.8,0.0,0.0,debt_consolidation,5.0,0.24,Fully Paid,0
Dec-2015,2015-12,24000.0,17.27,67000.0,29.07,690.0,62.9,4.0,1.0,home_improvement,5.0,0.24,Charged Off,1
Dec-2015,2015-12,19225.0,26.99,56600.0,18.21,710.0,44.7,0.0,1.0,debt_consolidation,5.0,0.24,Charged Off,1
Dec-2015,2015-12,13000.0,12.88,130000.0,5.51,705.0,29.4,0.0,2.0,home_improvement,5.0,0.24,Charged Off,1
Dec-2015,2015-12,2000.0,6.49,35037.0,8.51,760.0,11.0,0.0,0.0,credit_card,5.0,0.24,Fully Paid,0
Dec-2015,2015-12,19200.0,5.32,50000.0,19.24,690.0,82.2,0.0,0.0,debt_consolidation,5.0,0.24,Fully Paid,0
Dec-2015,2015-12,10000.0,13.44,140000.0,9.99,660.0,42.7,0.0,1.0,debt_consolidation,5.0,0.24,Fully Paid,0
Dec-2015,2015-12,35000.0,7.91,165000.0,18.89,710.0,50.0,0.0,1.0,debt_consolidation,5.0,0.24,Fully Paid,0
Dec-2015,2015-12,15000.0,12.88,60000.0,36.4,675.0,62.0,0.0,0.0,debt_consolidation,5.0,0.24,Fully Paid,0
Dec-2015,2015-12,35000.0,15.77,84468.0,16.85,665.0,55.9,1.0,0.0,debt_consolidation,5.0,0.24,Fully Paid,0
Dec-2015,2015-12,18000.0,8.49,55000.0,27.17,670.0,71.7,0.0,0.0,credit_card,5.0,0.24,Fully Paid,0
Dec-2015,2015-12,8000.0,9.8,40000.0,25.15,685.0,35.3,0.0,0.0,debt_consolidation,5.0,0.24,Charged Off,1
Dec-2015,2015-12,15000.0,12.88,50000.0,30.08,805.0,9.5,0.0,0.0,debt_consolidation,5.0,0.24,Fully Paid,0
Dec-2015,2015-12,17400.0,8.49,175000.0,7.04,695.0,32.1,0.0,0.0,debt_consolidation,5.0,0.24,Fully Paid,0
Dec-2015,2015-12,35000.0,11.99,156000.0,14.98,710.0,88.5,0.0,0.0,credit_card,5.0,0.24,Fully Paid,0
Dec-2015,2015-12,12000.0,9.17,100000.0,12.13,745.0,6.1,0.0,0.0,debt_consolidation,5.0,0.24,Fully Paid,0
Dec-2015,2015-12,24000.0,9.17,66000.0,23.98,665.0,61.7,1.0,0.0,debt_consolidation,5.0,0.24,Fully Paid,0
Dec-2015,2015-12,8000.0,7.91,66500.0,29.22,725.0,40.7,0.0,0.0,home_improvement,5.0,0.24,Fully Paid,0
Dec-2015,2015-12,16775.0,19.89,74000.0,29.91,675.0,35.0,0.0,5.0,debt_consolidation,5.0,0.24,Fully Paid,0
Dec-2015,2015-12,8000.0,8.49,48000.0,15.15,670.0,86.0,0.0,4.0,credit_card,5.0,0.24,Fully Paid,0
Dec-2015,2015-12,21000.0,10.78,100000.0,29.75,730.0,31.3,0.0,0.0,debt_consolidation,5.0,0.24,Fully Paid,0
Dec-2015,2015-12,10000.0,12.88,113000.0,21.59,690.0,76.0,0.0,0.0,credit_card,5.0,0.24,Fully Paid,0
Dec-2015,2015-12,6000.0,7.91,81120.0,18.45,685.0,34.9,0.0,1.0,debt_consolidation,5.0,0.24,Fully Paid,0
Dec-2015,2015-12,6000.0,18.49,54744.0,23.96,665.0,34.3,1.0,1.0,debt_consolidation,5.0,0.24,Fully Paid,0
Dec-2015,2015-12,8400.0,11.48,80000.0,13.92,710.0,29.1,0.0,0.0,credit_card,5.0,0.24,Fully Paid,0
Dec-2015,2015-12,10000.0,12.88,33000.0,23.23,665.0,48.8,1.0,2.0,credit_card,5.0,0.24,Fully Paid,0
Dec-2015,2015-12,6000.0,9.17,72000.0,2.8,660.0,9.8,0.0,0.0,credit_card,5.0,0.24,Fully Paid,0
Dec-2015,2015-12,20000.0,8.49,70000.0,12.51,675.0,62.2,0.0,0.0,credit_card,5.0,0.24,Fully Paid,0
Dec-2015,2015-12,4600.0,11.99,14688.0,14.79,670.0,31.5,0.0,1.0,credit_card,5.0,0.24,Fully Paid,0
Dec-2015,2015-12,20000.0,17.27,50000.0,33.75,705.0,58.1,0.0,0.0,other,5.0,0.24,Fully Paid,0
Dec-2015,2015-12,15000.0,9.17,48112.0,31.62,685.0,58.0,1.0,0.0,credit_card,5.0,0.24,Fully Paid,0
Dec-2015,2015-12,12000.0,12.88,40000.0,23.98,690.0,48.1,0.0,1.0,debt_consolidation,5.0,0.24,Fully Paid,0
Dec-2015,2015-12,5000.0,10.78,75000.0,16.7,705.0,60.5,0.0,0.0,debt_consolidation,5.0,0.24,Fully Paid,0
Dec-2015,2015-12,6000.0,10.78,57000.0,18.34,690.0,21.1,2.0,0.0,debt_consolidation,5.0,0.24,Fully Paid,0
Dec-2015,2015-12,6000.0,5.32,43000.0,20.37,680.0,24.5,0.0,0.0,debt_consolidation,5.0,0.24,Fully Paid,0
Dec-2015,2015-12,28000.0,20.5,84000.0,37.26,700.0,48.5,0.0,1.0,debt_consolidation,5.0,0.24,Charged Off,1
Dec-2015,2015-12,15000.0,5.32,81000.0,16.95,800.0,9.4,0.0,0.0,credit_card,5.0,0.24,Fully Paid,0
Dec-2015,2015-12,10500.0,8.49,168400.0,27.58,715.0,61.5,0.0,0.0,other,5.0,0.24,Fully Paid,0
Dec-2015,2015-12,10000.0,13.44,34000.0,11.19,720.0,15.1,0.0,2.0,debt_consolidation,5.0,0.24,Fully Paid,0
Dec-2015,2015-12,3600.0,7.49,62000.0,22.42,720.0,19.6,0.0,1.0,debt_consolidation,5.0,0.24,Fully Paid,0
Dec-2015,2015-12,10000.0,11.48,72000.0,26.9,680.0,61.4,0.0,0.0,other,5.0,0.24,Fully Paid,0
Dec-2015,2015-12,30000.0,8.49,115000.0,13.54,690.0,46.2,1.0,0.0,credit_card,5.0,0.24,Fully Paid,0
Dec-2015,2015-12,8000.0,11.99,35000.0,10.12,720.0,26.9,0.0,1.0,debt_consolidation,5.0,0.24,Fully Paid,0
Dec-2015,2015-12,15000.0,16.59,55000.0,10.17,660.0,54.4,0.0,1.0,debt_consolidation,5.0,0.24,Charged Off,1
Dec-2015,2015-12,21600.0,8.49,60000.0,17.42,685.0,67.7,0.0,0.0,debt_consolidation,5.0,0.24,Fully Paid,0
Dec-2015,2015-12,12000.0,9.17,105000.0,16.86,670.0,34.1,1.0,0.0,credit_card,5.0,0.24,Fully Paid,0
Dec-2015,2015-12,28000.0,7.91,102000.0,21.05,700.0,39.9,1.0,2.0,credit_card,5.0,0.24,Fully Paid,0
Dec-2015,2015-12,6400.0,11.48,33000.0,15.6,685.0,56.5,0.0,0.0,credit_card,5.0,0.24,Fully Paid,0
Dec-2015,2015-12,15000.0,9.17,48000.0,12.2,680.0,60.1,0.0,0.0,car,5.0,0.24,Fully Paid,0
Dec-2015,2015-12,13000.0,7.91,70000.0,26.32,710.0,40.6,0.0,0.0,credit_card,5.0,0.24,Fully Paid,0
Dec-2015,2015-12,10000.0,13.44,80000.0,15.56,670.0,57.0,1.0,1.0,credit_card,5.0,0.24,Fully Paid,0
Dec-2015,2015-12,24800.0,7.91,95000.0,14.76,765.0,34.3,0.0,0.0,debt_consolidation,5.0,0.24,Fully Paid,0
Dec-2015,2015-12,12000.0,10.78,56000.0,25.98,705.0,28.6,0.0,0.0,other,5.0,0.24,Charged Off,1
Dec-2015,2015-12,15000.0,11.99,65000.0,17.56,665.0,88.3,0.0,0.0,debt_consolidation,5.0,0.24,Fully Paid,0
Dec-2015,2015-12,24000.0,5.32,120000.0,15.82,725.0,35.4,0.0,1.0,credit_card,5.0,0.24,Fully Paid,0
Dec-2015,2015-12,2000.0,13.44,75600.0,10.17,685.0,92.7,1.0,0.0,debt_consolidation,5.0,0.24,Fully Paid,0
Dec-2015,2015-12,22600.0,15.77,53867.0,25.31,675.0,53.5,0.0,2.0,debt_consolidation,5.0,0.24,Fully Paid,0
Dec-2015,2015-12,13500.0,23.13,50000.0,25.3,660.0,23.0,0.0,3.0,debt_consolidation,5.0,0.24,Charged Off,1
Dec-2015,2015-12,6000.0,10.78,66000.0,19.96,695.0,23.9,1.0,1.0,car,5.0,0.24,Charged Off,1
Dec-2015,2015-12,5000.0,6.49,55000.0,29.15,700.0,42.2,0.0,0.0,debt_consolidation,5.0,0.24,Fully Paid,0
Dec-2015,2015-12,20000.0,7.49,100000.0,12.18,735.0,46.8,0.0,0.0,credit_card,5.0,0.24,Fully Paid,0
Dec-2015,2015-12,12000.0,9.8,103000.0,18.54,680.0,74.9,1.0,0.0,debt_consolidation,5.0,0.24,Fully Paid,0
Dec-2015,2015-12,32000.0,11.48,107000.0,19.13,710.0,89.0,0.0,1.0,credit_card,5.0,0.24,Fully Paid,0
Dec-2015,2015-12,15200.0,13.99,69998.0,14.52,660.0,85.6,0.0,0.0,debt_consolidation,5.0,0.24,Charged Off,1
Dec-2015,2015-12,12500.0,11.99,60000.0,16.98,685.0,69.0,0.0,0.0,debt_consolidation,5.0,0.24,Fully Paid,0
Dec-2015,2015-12,21000.0,10.78,81000.0,17.19,700.0,45.6,0.0,0.0,debt_consolidation,5.0,0.24,Fully Paid,0
Dec-2015,2015-12,16000.0,8.49,35000.0,24.49,705.0,50.9,0.0,0.0,credit_card,5.0,0.24,Fully Paid,0
Dec-2015,2015-12,24650.0,11.48,100000.0,22.64,725.0,56.0,0.0,0.0,debt_consolidation,5.0,0.24,Fully Paid,0
Dec-2015,2015-12,11000.0,7.91,77000.0,28.73,685.0,60.3,2.0,0.0,debt_consolidation,5.0,0.24,Fully Paid,0
Dec-2015,2015-12,22400.0,14.85,70000.0,18.69,695.0,69.8,0.0,1.0,credit_card,5.0,0.24,Fully Paid,0
Dec-2015,2015-12,15125.0,18.49,61000.0,25.38,680.0,47.0,0.0,0.0,debt_consolidation,5.0,0.24,Charged Off,1
Dec-2015,2015-12,8000.0,7.91,63800.0,23.76,730.0,32.2,1.0,1.0,debt_consolidation,5.0,0.24,Fully Paid,0
Dec-2015,2015-12,8000.0,9.17,52000.0,11.86,665.0,26.2,1.0,0.0,major_purchase,5.0,0.24,Fully Paid,0
Dec-2015,2015-12,11000.0,14.85,42240.0,19.18,685.0,26.1,1.0,0.0,home_improvement,5.0,0.24,Fully Paid,0
Dec-2015,2015-12,28500.0,18.99,70000.0,29.37,690.0,77.0,0.0,0.0,debt_consolidation,5.0,0.24,Fully Paid,0
Dec-2015,2015-12,25000.0,6.49,120000.0,21.3,745.0,28.0,0.0,0.0,credit_card,5.0,0.24,Fully Paid,0
Dec-2015,2015-12,7000.0,9.17,70000.0,16.1,660.0,47.0,0.0,2.0,moving,5.0,0.24,Fully Paid,0
Dec-2015,2015-12,12000.0,9.8,100000.0,12.07,665.0,65.4,0.0,0.0,debt_consolidation,5.0,0.24,Fully Paid,0
Dec-2015,2015-12,5875.0,15.77,56000.0,25.65,670.0,38.7,0.0,2.0,debt_consolidation,5.0,0.24,Fully Paid,0
Dec-2015,2015-12,18000.0,18.49,145000.0,15.54,670.0,47.9,0.0,0.0,debt_consolidation,5.0,0.24,Fully Paid,0
Dec-2015,2015-12,28000.0,7.91,160000.0,23.69,710.0,75.2,0.0,1.0,home_improvement,5.0,0.24,Fully Paid,0
Dec-2015,2015-12,35000.0,9.8,205000.0,5.71,710.0,22.8,0.0,1.0,moving,5.0,0.24,Fully Paid,0
Dec-2015,2015-12,31800.0,16.59,65000.0,24.15,810.0,17.7,0.0,0.0,debt_consolidation,5.0,0.24,Fully Paid,0
Dec-2015,2015-12,25000.0,17.97,105000.0,22.57,680.0,31.3,0.0,0.0,debt_consolidation,5.0,0.24,Fully Paid,0
Dec-2015,2015-12,16000.0,17.27,54000.0,20.73,715.0,27.8,0.0,1.0,debt_consolidation,5.0,0.24,Fully Paid,0
Dec-2015,2015-12,35000.0,16.59,139000.0,14.95,670.0,77.8,0.0,2.0,credit_card,5.0,0.24,Fully Paid,0
Dec-2015,2015-12,18000.0,7.91,60000.0,11.52,680.0,50.3,0.0,0.0,credit_card,5.0,0.24,Charged Off,1
Dec-2015,2015-12,10000.0,7.49,55500.0,15.05,700.0,41.5,1.0,0.0,debt_consolidation,5.0,0.24,Fully Paid,0
Dec-2015,2015-12,8000.0,14.85,53040.0,20.54,660.0,63.0,0.0,3.0,credit_card,5.0,0.24,Fully Paid,0
Dec-2015,2015-12,15000.0,5.32,75000.0,8.75,780.0,12.3,0.0,2.0,debt_consolidation,5.0,0.24,Fully Paid,0
Dec-2015,2015-12,20000.0,11.99,155000.0,22.47,710.0,34.8,1.0,0.0,house,5.0,0.24,Fully Paid,0
Dec-2015,2015-12,14000.0,19.89,80000.0,14.39,700.0,58.8,0.0,0.0,small_business,5.0,0.24,Fully Paid,0
Dec-2015,2015-12,20500.0,8.49,77700.0,18.56,685.0,39.0,0.0,0.0,debt_consolidation,5.0,0.24,Fully Paid,0
Dec-2015,2015-12,4700.0,13.99,88000.0,14.21,660.0,77.6,0.0,0.0,debt_consolidation,5.0,0.24,Fully Paid,0
Dec-2015,2015-12,28000.0,9.17,76008.0,14.47,690.0,43.1,0.0,1.0,debt_consolidation,5.0,0.24,Fully Paid,0
Dec-2015,2015-12,12000.0,7.91,71000.0,24.86,715.0,38.3,1.0,0.0,debt_consolidation,5.0,0.24,Fully Paid,0
Dec-2015,2015-12,7200.0,7.91,42500.0,11.07,670.0,47.1,5.0,1.0,credit_card,5.0,0.24,Fully Paid,0
Dec-2015,2015-12,11000.0,7.49,33000.0,37.56,800.0,7.1,0.0,0.0,debt_consolidation,5.0,0.24,Fully Paid,0
Dec-2015,2015-12,11000.0,13.99,52000.0,5.7,660.0,56.8,0.0,0.0,debt_consolidation,5.0,0.24,Charged Off,1
Dec-2015,2015-12,3500.0,9.8,45000.0,22.29,725.0,26.1,1.0,1.0,car,5.0,0.24,Fully Paid,0
Dec-2015,2015-12,23850.0,13.44,111000.0,13.58,660.0,53.3,0.0,2.0,major_purchase,5.0,0.24,Fully Paid,0
Dec-2015,2015-12,3600.0,15.77,70000.0,14.33,685.0,52.0,1.0,0.0,other,5.0,0.24,Fully Paid,0
Dec-2015,2015-12,16500.0,11.99,76000.0,2.56,725.0,23.5,0.0,1.0,credit_card,5.0,0.24,Fully Paid,0
Dec-2015,2015-12,8275.0,10.78,55000.0,38.05,715.0,89.7,0.0,0.0,credit_card,5.0,0.24,Fully Paid,0
Dec-2015,2015-12,35000.0,17.27,80000.0,15.77,690.0,74.1,2.0,0.0,home_improvement,5.0,0.24,Fully Paid,0
Dec-2015,2015-12,20000.0,5.32,106000.0,20.04,735.0,35.2,0.0,2.0,debt_consolidation,5.0,0.24,Fully Paid,0
Dec-2015,2015-12,22800.0,5.32,76000.0,21.96,735.0,37.3,0.0,1.0,debt_consolidation,5.0,0.24,Fully Paid,0
Dec-2015,2015-12,10000.0,8.49,35000.0,33.54,705.0,44.3,0.0,1.0,credit_card,5.0,0.24,Fully Paid,0
Dec-2015,2015-12,19000.0,10.78,155000.0,18.42,665.0,75.2,0.0,0.0,debt_consolidation,5.0,0.24,Fully Paid,0
Dec-2015,2015-12,6000.0,16.59,40000.0,10.8,660.0,46.8,0.0,3.0,debt_consolidation,5.0,0.24,Charged Off,1
Dec-2015,2015-12,35000.0,16.59,105000.0,27.22,700.0,66.3,0.0,1.0,credit_card,5.0,0.24,Fully Paid,0
Dec-2015,2015-12,6000.0,13.99,210000.0,12.55,665.0,88.8,0.0,1.0,debt_consolidation,5.0,0.24,Fully Paid,0
Dec-2015,2015-12,16000.0,13.99,52000.0,33.12,705.0,26.2,0.0,0.0,debt_consolidation,5.0,0.24,Charged Off,1
Dec-2015,2015-12,5000.0,16.59,19000.0,14.28,665.0,80.8,0.0,0.0,debt_consolidation,5.0,0.24,Fully Paid,0
Dec-2015,2015-12,3000.0,18.49,54000.0,32.18,680.0,33.2,1.0,2.0,house,5.0,0.24,Charged Off,1
Dec-2015,2015-12,20000.0,14.85,120000.0,33.29,685.0,91.9,0.0,1.0,other,5.0,0.24,Charged Off,1
Dec-2015,2015-12,24000.0,23.13,43435.0,35.7,680.0,73.1,0.0,0.0,debt_consolidation,5.0,0.24,Fully Paid,0
Dec-2015,2015-12,20000.0,7.49,106000.0,27.2,705.0,54.6,0.0,0.0,debt_consolidation,5.0,0.24,Fully Paid,0
Dec-2015,2015-12,8000.0,9.17,65000.0,22.05,685.0,79.8,2.0,0.0,major_purchase,5.0,0.24,Fully Paid,0
Dec-2015,2015-12,5000.0,12.88,47000.0,38.61,680.0,54.9,0.0,0.0,debt_consolidation,5.0,0.24,Fully Paid,0
Dec-2015,2015-12,20000.0,5.32,135000.0,15.9,705.0,44.4,0.0,1.0,debt_consolidation,5.0,0.24,Fully Paid,0
Dec-2015,2015-12,5000.0,13.44,110000.0,24.66,670.0,74.5,0.0,1.0,debt_consolidation,5.0,0.24,Fully Paid,0
Dec-2015,2015-12,12000.0,10.78,29500.0,16.27,680.0,53.4,0.0,0.0,debt_consolidation,5.0,0.24,Fully Paid,0
Dec-2015,2015-12,19675.0,21.48,86000.0,8.09,660.0,39.2,1.0,0.0,debt_consolidation,5.0,0.24,Fully Paid,0
Dec-2015,2015-12,24000.0,9.8,125000.0,2.96,700.0,14.5,0.0,2.0,home_improvement,5.0,0.24,Charged Off,1
Dec-2015,2015-12,12000.0,10.78,85000.0,24.06,680.0,46.3,0.0,2.0,debt_consolidation,5.0,0.24,Fully Paid,0
Dec-2015,2015-12,12000.0,5.32,45000.0,29.87,780.0,63.3,0.0,0.0,debt_consolidation,5.0,0.24,Fully Paid,0
Dec-2015,2015-12,28000.0,7.91,112000.0,11.95,715.0,50.0,0.0,0.0,credit_card,5.0,0.24,Fully Paid,0
Dec-2015,2015-12,14000.0,10.78,105000.0,26.66,690.0,88.3,0.0,0.0,credit_card,5.0,0.24,Fully Paid,0
Dec-2015,2015-12,9975.0,23.13,31200.0,21.14,685.0,35.6,0.0,0.0,other,5.0,0.24,Fully Paid,0
Dec-2015,2015-12,10000.0,5.32,72000.0,16.42,690.0,59.5,0.0,1.0,debt_consolidation,5.0,0.24,Fully Paid,0
Dec-2015,2015-12,3600.0,13.99,34000.0,29.79,660.0,30.1,0.0,0.0,credit_card,5.0,0.24,Fully Paid,0
Dec-2015,2015-12,27850.0,24.24,55702.0,26.18,675.0,95.7,1.0,2.0,debt_consolidation,5.0,0.24,Fully Paid,0
Dec-2015,2015-12,14000.0,9.8,175000.0,25.43,690.0,83.2,0.0,1.0,credit_card,5.0,0.24,Fully Paid,0
Dec-2015,2015-12,12475.0,5.32,26000.0,28.49,740.0,69.9,0.0,0.0,credit_card,5.0,0.24,Fully Paid,0
Dec-2015,2015-12,24000.0,13.44,96000.0,22.7,675.0,53.3,0.0,1.0,credit_card,5.0,0.24,Fully Paid,0
Dec-2015,2015-12,22400.0,14.85,96000.0,20.45,675.0,85.1,1.0,0.0,debt_consolidation,5.0,0.24,Fully Paid,0
Dec-2015,2015-12,26000.0,6.49,124400.0,26.03,735.0,59.0,0.0,0.0,credit_card,5.0,0.24,Fully Paid,0
Dec-2015,2015-12,25000.0,13.44,50000.0,6.39,775.0,12.2,0.0,0.0,home_improvement,5.0,0.24,Fully Paid,0
Dec-2015,2015-12,14000.0,9.8,130000.0,11.99,675.0,85.1,0.0,1.0,credit_card,5.0,0.24,Fully Paid,0
Dec-2015,2015-12,10000.0,6.49,52600.0,13.16,720.0,16.3,0.0,0.0,debt_consolidation,5.0,0.24,Fully Paid,0
Dec-2015,2015-12,11550.0,18.99,28948.92,18.41,685.0,77.8,0.0,0.0,credit_card,5.0,0.24,Fully Paid,0
Dec-2015,2015-12,14000.0,6.99,100200.0,19.34,740.0,69.0,0.0,0.0,credit_card,5.0,0.24,Fully Paid,0
Dec-2015,2015-12,9000.0,7.91,90000.0,9.28,715.0,11.1,2.0,0.0,credit_card,5.0,0.24,Fully Paid,0
Dec-2015,2015-12,8000.0,10.78,38000.0,25.36,660.0,63.6,0.0,0.0,debt_consolidation,5.0,0.24,Fully Paid,0
Dec-2015,2015-12,11000.0,7.91,60000.0,28.36,710.0,47.2,0.0,1.0,other,5.0,0.24,Fully Paid,0
Dec-2015,2015-12,11200.0,5.32,82500.0,14.79,825.0,6.0,0.0,0.0,credit_card,5.0,0.24,Fully Paid,0
Dec-2015,2015-12,21000.0,13.44,75000.0,21.56,675.0,37.9,0.0,0.0,debt_consolidation,5.0,0.24,Charged Off,1
Dec-2015,2015-12,35000.0,11.99,130000.0,19.75,710.0,62.5,0.0,0.0,debt_consolidation,5.0,0.24,Fully Paid,0
Dec-2015,2015-12,20000.0,13.44,64000.0,23.85,695.0,73.4,0.0,0.0,credit_card,5.0,0.24,Fully Paid,0
Dec-2015,2015-12,24000.0,6.49,105000.0,17.15,690.0,87.4,0.0,0.0,debt_consolidation,5.0,0.24,Fully Paid,0
Dec-2015,2015-12,19800.0,11.99,45000.0,23.47,695.0,26.5,0.0,0.0,debt_consolidation,5.0,0.24,Fully Paid,0
Dec-2015,2015-12,30000.0,12.88,84000.0,24.39,700.0,21.8,1.0,1.0,debt_consolidation,5.0,0.24,Charged Off,1
Dec-2015,2015-12,28000.0,5.32,205200.0,21.6,680.0,54.0,0.0,0.0,credit_card,5.0,0.24,Fully Paid,0
Dec-2015,2015-12,27300.0,17.97,65000.0,17.02,675.0,72.7,1.0,0.0,debt_consolidation,5.0,0.24,Fully Paid,0
Dec-2015,2015-12,24000.0,12.88,73000.0,19.76,660.0,88.4,2.0,0.0,credit_card,5.0,0.24,Charged Off,1
Dec-2015,2015-12,1450.0,9.17,35000.0,18.59,675.0,69.2,0.0,1.0,home_improvement,5.0,0.24,Fully Paid,0
Dec-2015,2015-12,4000.0,9.8,47500.0,5.79,685.0,56.8,0.0,0.0,debt_consolidation,5.0,0.24,Fully Paid,0
Dec-2015,2015-12,1000.0,11.48,86000.0,20.64,660.0,80.3,0.0,0.0,major_purchase,5.0,0.24,Fully Paid,0
Dec-2015,2015-12,24950.0,10.78,65000.0,15.95,790.0,21.9,0.0,0.0,major_purchase,5.0,0.24,Fully Paid,0
Dec-2015,2015-12,25000.0,5.32,300000.0,9.14,750.0,33.5,0.0,0.0,home_improvement,5.0,0.24,Fully Paid,0
Dec-2015,2015-12,6000.0,7.91,250000.0,16.17,680.0,82.3,1.0,1.0,other,5.0,0.24,Fully Paid,0
Dec-2015,2015-12,21000.0,9.17,110000.0,22.5,700.0,46.1,1.0,0.0,debt_consolidation,5.0,0.24,Charged Off,1
Dec-2015,2015-12,2950.0,11.99,22000.0,16.58,665.0,45.0,0.0,2.0,debt_consolidation,5.0,0.24,Fully Paid,0
Dec-2015,2015-12,33100.0,24.24,72000.0,23.77,685.0,64.3,0.0,0.0,debt_consolidation,5.0,0.24,Charged Off,1
Dec-2015,2015-12,6000.0,17.27,120000.0,23.03,660.0,76.4,0.0,0.0,debt_consolidation,5.0,0.24,Fully Paid,0
Dec-2015,2015-12,10500.0,17.97,28832.0,23.62,690.0,41.8,1.0,1.0,debt_consolidation,5.0,0.24,Charged Off,1
Dec-2015,2015-12,12000.0,11.99,35000.0,20.82,750.0,40.0,0.0,2.0,debt_consolidation,5.0,0.24,Fully Paid,0
Dec-2015,2015-12,20000.0,6.99,120000.0,16.8,685.0,61.1,0.0,1.0,credit_card,5.0,0.24,Fully Paid,0
Dec-2015,2015-12,10000.0,19.48,150000.0,14.89,705.0,13.5,1.0,0.0,other,5.0,0.24,Fully Paid,0
Dec-2015,2015-12,9525.0,13.99,55000.0,30.96,690.0,76.9,0.0,1.0,credit_card,5.0,0.24,Charged Off,1
Dec-2015,2015-12,20000.0,5.32,187000.0,14.68,765.0,25.9,0.0,0.0,debt_consolidation,5.0,0.24,Fully Paid,0
Dec-2015,2015-12,14450.0,11.48,116300.0,2.86,725.0,26.0,0.0,0.0,debt_consolidation,5.0,0.24,Fully Paid,0
Dec-2015,2015-12,21600.0,6.99,120000.0,20.73,740.0,24.6,0.0,1.0,debt_consolidation,5.0,0.24,Fully Paid,0
Dec-2015,2015-12,12600.0,6.99,73000.0,5.56,680.0,77.4,0.0,1.0,credit_card,5.0,0.24,Fully Paid,0
Dec-2015,2015-12,14800.0,15.77,48000.0,20.55,720.0,17.5,0.0,2.0,debt_consolidation,5.0,0.24,Charged Off,1
Dec-2015,2015-12,20000.0,13.44,53000.0,15.29,675.0,59.1,0.0,0.0,debt_consolidation,5.0,0.24,Charged Off,1
Dec-2015,2015-12,9600.0,11.48,110000.0,13.83,665.0,75.4,0.0,0.0,debt_consolidation,5.0,0.24,Fully Paid,0
Dec-2015,2015-12,11900.0,17.97,34000.0,32.83,675.0,35.0,0.0,1.0,home_improvement,5.0,0.24,Fully Paid,0
Dec-2015,2015-12,20800.0,18.99,60000.0,29.6,675.0,69.3,0.0,0.0,credit_card,5.0,0.24,Fully Paid,0
Dec-2015,2015-12,30000.0,10.78,70000.0,22.99,670.0,73.9,0.0,0.0,credit_card,5.0,0.24,Charged Off,1
Dec-2015,2015-12,12000.0,9.8,31200.0,30.04,685.0,56.5,0.0,0.0,credit_card,5.0,0.24,Fully Paid,0
Dec-2015,2015-12,5000.0,11.48,85000.0,8.28,670.0,15.6,10.0,1.0,home_improvement,5.0,0.24,Fully Paid,0
Dec-2015,2015-12,15000.0,17.97,45500.0,30.95,700.0,37.0,0.0,2.0,debt_consolidation,5.0,0.24,Charged Off,1
Dec-2015,2015-12,18900.0,12.88,45000.0,30.45,660.0,69.3,0.0,0.0,debt_consolidation,5.0,0.24,Fully Paid,0
Dec-2015,2015-12,5000.0,7.91,67000.0,36.53,700.0,60.3,0.0,0.0,debt_consolidation,5.0,0.24,Fully Paid,0
Dec-2015,2015-12,19850.0,10.78,85005.0,17.2,690.0,37.1,0.0,2.0,credit_card,5.0,0.24,Fully Paid,0
Dec-2015,2015-12,8000.0,13.99,80000.0,19.74,680.0,36.6,0.0,1.0,debt_consolidation,5.0,0.24,Fully Paid,0
Dec-2015,2015-12,20000.0,16.59,100000.0,20.0,680.0,67.0,0.0,2.0,debt_consolidation,5.0,0.24,Fully Paid,0
Dec-2015,2015-12,20000.0,13.99,60000.0,23.24,735.0,30.0,0.0,1.0,debt_consolidation,5.0,0.24,Charged Off,1
Dec-2015,2015-12,28000.0,22.45,93000.0,17.73,715.0,33.5,0.0,1.0,debt_consolidation,5.0,0.24,Fully Paid,0
Dec-2015,2015-12,12000.0,13.99,50000.0,20.31,660.0,33.0,0.0,2.0,debt_consolidation,5.0,0.24,Fully Paid,0
Dec-2015,2015-12,15000.0,9.8,52500.0,4.96,695.0,52.3,0.0,0.0,debt_consolidation,5.0,0.24,Fully Paid,0
Dec-2015,2015-12,30000.0,7.49,130000.0,9.82,720.0,28.0,0.0,2.0,credit_card,5.0,0.24,Fully Paid,0
Dec-2015,2015-12,17000.0,5.32,98000.0,9.21,755.0,29.8,0.0,0.0,credit_card,5.0,0.24,Fully Paid,0
Dec-2015,2015-12,15750.0,16.59,50000.0,21.96,675.0,65.9,0.0,1.0,debt_consolidation,5.0,0.24,Fully Paid,0
Dec-2015,2015-12,5000.0,10.78,55000.0,30.98,675.0,78.2,1.0,0.0,major_purchase,5.0,0.24,Fully Paid,0
Dec-2015,2015-12,24000.0,13.99,115000.0,17.71,690.0,73.5,0.0,2.0,debt_consolidation,5.0,0.24,Fully Paid,0
Dec-2015,2015-12,15000.0,9.17,45000.0,16.93,660.0,55.0,1.0,1.0,debt_consolidation,5.0,0.24,Fully Paid,0
Dec-2015,2015-12,30000.0,13.44,70000.0,12.08,700.0,52.8,0.0,0.0,home_improvement,5.0,0.24,Fully Paid,0
Dec-2015,2015-12,4200.0,7.49,90000.0,24.85,725.0,33.5,0.0,1.0,credit_card,5.0,0.24,Fully Paid,0
Dec-2015,2015-12,6025.0,11.99,25000.0,6.82,695.0,46.0,0.0,0.0,debt_consolidation,5.0,0.24,Fully Paid,0
Dec-2015,2015-12,14850.0,18.49,45000.0,13.57,670.0,45.7,0.0,3.0,debt_consolidation,5.0,0.24,Charged Off,1
Dec-2015,2015-12,10000.0,6.49,106000.0,16.45,810.0,16.0,0.0,0.0,credit_card,5.0,0.24,Fully Paid,0
Dec-2015,2015-12,10000.0,11.48,105000.0,36.81,660.0,34.0,7.0,2.0,small_business,5.0,0.24,Charged Off,1
Dec-2015,2015-12,35000.0,12.88,240000.0,4.3,660.0,85.9,0.0,0.0,credit_card,5.0,0.24,Fully Paid,0
Dec-2015,2015-12,15000.0,12.88,89000.0,34.58,660.0,81.4,0.0,1.0,debt_consolidation,5.0,0.24,Charged Off,1
Dec-2015,2015-12,5000.0,11.99,60000.0,19.27,705.0,43.0,0.0,2.0,moving,5.0,0.24,Fully Paid,0
Dec-2015,2015-12,11000.0,13.99,65000.0,21.88,670.0,64.5,0.0,0.0,debt_consolidation,5.0,0.24,Fully Paid,0
Dec-2015,2015-12,5500.0,15.77,101000.0,25.55,675.0,88.0,0.0,2.0,vacation,5.0,0.24,Fully Paid,0
Dec-2015,2015-12,2500.0,11.99,50400.0,12.48,665.0,1.1,0.0,0.0,home_improvement,5.0,0.24,Fully Paid,0
Dec-2015,2015-12,21150.0,15.77,52000.0,26.17,685.0,63.5,0.0,1.0,debt_consolidation,5.0,0.24,Fully Paid,0
Dec-2015,2015-12,20000.0,11.48,185000.0,25.7,685.0,90.2,0.0,1.0,debt_consolidation,5.0,0.24,Fully Paid,0
Dec-2015,2015-12,5875.0,11.48,25200.0,10.48,680.0,39.0,0.0,1.0,debt_consolidation,5.0,0.24,Fully Paid,0
Dec-2015,2015-12,24000.0,7.49,107000.0,15.15,765.0,34.8,0.0,0.0,car,5.0,0.24,Fully Paid,0
Dec-2015,2015-12,12000.0,9.8,46000.0,27.42,700.0,41.0,0.0,2.0,debt_consolidation,5.0,0.24,Charged Off,1
Dec-2015,2015-12,19200.0,18.99,113000.0,23.81,665.0,79.9,0.0,1.0,debt_consolidation,5.0,0.24,Charged Off,1
Dec-2015,2015-12,8000.0,13.99,50000.0,19.85,680.0,83.3,0.0,0.0,debt_consolidation,5.0,0.24,Fully Paid,0
Dec-2015,2015-12,28000.0,15.77,105000.0,28.35,670.0,67.7,0.0,3.0,debt_consolidation,5.0,0.24,Fully Paid,0
Dec-2015,2015-12,13500.0,10.78,77000.0,14.45,660.0,75.5,1.0,0.0,credit_card,5.0,0.24,Charged Off,1
Dec-2015,2015-12,11000.0,8.49,125000.0,27.87,670.0,92.0,1.0,0.0,debt_consolidation,5.0,0.24,Fully Paid,0
Dec-2015,2015-12,15000.0,10.78,46000.0,30.65,685.0,26.2,1.0,0.0,debt_consolidation,5.0,0.24,Fully Paid,0
Dec-2015,2015-12,20000.0,9.8,95000.0,21.31,710.0,63.6,0.0,0.0,debt_consolidation,5.0,0.24,Fully Paid,0
Dec-2015,2015-12,35000.0,9.8,173000.0,22.42,700.0,86.5,0.0,1.0,credit_card,5.0,0.24,Fully Paid,0
Dec-2015,2015-12,10000.0,11.48,55000.0,22.74,760.0,48.8,0.0,1.0,credit_card,5.0,0.24,Fully Paid,0
Dec-2015,2015-12,9000.0,9.17,105000.0,6.31,670.0,60.6,3.0,1.0,debt_consolidation,5.0,0.24,Fully Paid,0
Dec-2015,2015-12,8400.0,16.59,51000.0,13.27,690.0,37.0,0.0,2.0,other,5.0,0.24,Charged Off,1
Dec-2015,2015-12,20000.0,12.88,65000.0,16.49,670.0,83.9,0.0,1.0,debt_consolidation,5.0,0.24,Fully Paid,0
Dec-2015,2015-12,22500.0,7.91,93000.0,14.34,810.0,15.8,0.0,0.0,debt_consolidation,5.0,0.24,Fully Paid,0
Dec-2015,2015-12,20000.0,18.49,137000.0,18.48,665.0,74.9,0.0,2.0,debt_consolidation,5.0,0.24,Fully Paid,0
Dec-2015,2015-12,21000.0,11.99,63000.0,28.69,685.0,56.8,0.0,0.0,debt_consolidation,5.0,0.24,Fully Paid,0
Dec-2015,2015-12,18700.0,13.99,55000.0,30.81,735.0,28.4,0.0,0.0,debt_consolidation,5.0,0.24,Fully Paid,0
Dec-2015,2015-12,35000.0,11.99,175000.0,33.8,725.0,37.8,0.0,0.0,debt_consolidation,5.0,0.24,Fully Paid,0
Dec-2015,2015-12,21000.0,6.99,85000.0,24.0,710.0,41.9,3.0,0.0,debt_consolidation,5.0,0.24,Fully Paid,0
Dec-2015,2015-12,30000.0,13.44,106000.0,14.19,675.0,68.9,0.0,2.0,credit_card,5.0,0.24,Fully Paid,0
Dec-2015,2015-12,14000.0,16.59,124596.0,23.73,685.0,88.8,0.0,1.0,other,5.0,0.24,Fully Paid,0
Dec-2015,2015-12,24000.0,5.32,450000.0,0.7,720.0,37.4,1.0,0.0,major_purchase,5.0,0.24,Fully Paid,0
Dec-2015,2015-12,35000.0,10.78,89000.0,19.26,755.0,26.1,0.0,1.0,credit_card,5.0,0.24,Fully Paid,0
Dec-2015,2015-12,3225.0,20.5,35000.0,24.01,660.0,43.0,3.0,2.0,debt_consolidation,5.0,0.24,Charged Off,1
Dec-2015,2015-12,28000.0,6.49,108000.0,14.63,705.0,71.7,0.0,0.0,credit_card,5.0,0.24,Fully Paid,0
Dec-2015,2015-12,7200.0,9.17,60000.0,24.6,735.0,22.9,0.0,1.0,debt_consolidation,5.0,0.24,Fully Paid,0
Dec-2015,2015-12,12000.0,9.8,43000.0,18.28,695.0,45.4,0.0,2.0,debt_consolidation,5.0,0.24,Fully Paid,0
Dec-2015,2015-12,35000.0,19.48,123000.0,21.53,700.0,72.4,0.0,1.0,debt_consolidation,5.0,0.24,Fully Paid,0
Dec-2015,2015-12,12000.0,5.32,118000.0,14.06,745.0,27.0,0.0,0.0,debt_consolidation,5.0,0.24,Fully Paid,0
Dec-2015,2015-12,5000.0,7.91,38000.0,11.78,695.0,47.3,0.0,1.0,credit_card,5.0,0.24,Fully Paid,0
Dec-2015,2015-12,25000.0,13.99,85000.0,11.11,670.0,65.6,0.0,0.0,debt_consolidation,5.0,0.24,Fully Paid,0
Dec-2015,2015-12,8750.0,18.99,29524.32,46.71,680.0,96.5,0.0,0.0,debt_consolidation,5.0,0.24,Charged Off,1
Dec-2015,2015-12,6600.0,19.48,240000.0,7.04,660.0,18.0,2.0,3.0,debt_consolidation,5.0,0.24,Fully Paid,0
Dec-2015,2015-12,10000.0,9.17,110000.0,28.37,715.0,54.9,2.0,0.0,credit_card,5.0,0.24,Fully Paid,0
Dec-2015,2015-12,12500.0,10.78,34000.0,27.11,685.0,66.3,0.0,0.0,debt_consolidation,5.0,0.24,Fully Paid,0
Dec-2015,2015-12,26250.0,13.99,65000.0,26.9,700.0,45.0,0.0,1.0,debt_consolidation,5.0,0.24,Fully Paid,0
Dec-2015,2015-12,24000.0,12.88,186000.0,8.29,675.0,71.0,0.0,1.0,debt_consolidation,5.0,0.24,Fully Paid,0
Dec-2015,2015-12,15000.0,11.48,90000.0,14.89,680.0,48.1,1.0,0.0,debt_consolidation,5.0,0.24,Fully Paid,0
Dec-2015,2015-12,13750.0,16.59,27500.0,36.36,680.0,40.4,0.0,1.0,debt_consolidation,5.0,0.24,Fully Paid,0
Dec-2015,2015-12,35000.0,24.24,117000.0,16.82,675.0,59.7,0.0,1.0,debt_consolidation,5.0,0.24,Fully Paid,0
Dec-2015,2015-12,7000.0,12.88,65000.0,6.68,670.0,41.3,1.0,0.0,vacation,5.0,0.24,Fully Paid,0
Dec-2015,2015-12,5600.0,9.8,91500.0,30.79,660.0,71.2,3.0,1.0,debt_consolidation,5.0,0.24,Fully Paid,0
Dec-2015,2015-12,21000.0,9.17,150000.0,13.09,665.0,49.4,0.0,0.0,debt_consolidation,5.0,0.24,Fully Paid,0
Dec-2015,2015-12,15000.0,5.32,85000.0,13.56,745.0,46.3,1.0,0.0,debt_consolidation,5.0,0.24,Fully Paid,0
Dec-2015,2015-12,6400.0,9.17,53000.0,14.4,695.0,90.5,0.0,0.0,debt_consolidation,5.0,0.24,Fully Paid,0
Dec-2015,2015-12,8400.0,9.8,72701.0,20.42,670.0,33.9,1.0,0.0,credit_card,5.0,0.24,Fully Paid,0
Dec-2015,2015-12,20000.0,15.77,150000.0,11.66,685.0,41.3,1.0,0.0,other,5.0,0.24,Fully Paid,0
Dec-2015,2015-12,15000.0,14.85,37534.44,31.44,680.0,45.0,0.0,1.0,debt_consolidation,5.0,0.24,Fully Paid,0
Dec-2015,2015-12,13600.0,11.48,61983.0,2.87,690.0,76.8,0.0,0.0,debt_consolidation,5.0,0.24,Fully Paid,0
Dec-2015,2015-12,18000.0,13.99,63000.0,17.49,675.0,92.2,0.0,0.0,debt_consolidation,5.0,0.24,Fully Paid,0
Dec-2015,2015-12,35000.0,18.49,160000.0,14.65,695.0,58.4,1.0,0.0,debt_consolidation,5.0,0.24,Fully Paid,0
Dec-2015,2015-12,20000.0,8.49,58000.0,31.24,680.0,91.0,0.0,1.0,debt_consolidation,5.0,0.24,Fully Paid,0
Dec-2015,2015-12,20000.0,5.32,139000.0,9.24,705.0,59.9,0.0,0.0,credit_card,5.0,0.24,Fully Paid,0
Dec-2015,2015-12,11200.0,9.17,53000.0,11.96,720.0,24.3,0.0,0.0,debt_consolidation,5.0,0.24,Fully Paid,0
Dec-2015,2015-12,25000.0,6.49,62000.0,27.24,725.0,53.6,0.0,0.0,credit_card,5.0,0.24,Fully Paid,0
Dec-2015,2015-12,2500.0,7.91,29000.0,21.19,755.0,10.9,0.0,0.0,debt_consolidation,5.0,0.24,Fully Paid,0
Dec-2015,2015-12,16000.0,8.49,75000.0,19.44,685.0,59.6,1.0,0.0,debt_consolidation,5.0,0.24,Fully Paid,0
Dec-2015,2015-12,5600.0,13.44,50000.0,28.73,740.0,29.2,0.0,0.0,debt_consolidation,5.0,0.24,Charged Off,1
Dec-2015,2015-12,10000.0,7.49,70000.0,13.3,775.0,5.1,0.0,0.0,home_improvement,5.0,0.24,Fully Paid,0
Dec-2015,2015-12,3200.0,9.8,24000.0,18.05,670.0,32.4,1.0,0.0,credit_card,5.0,0.24,Charged Off,1
Dec-2015,2015-12,28000.0,5.32,135000.0,8.56,700.0,38.1,0.0,0.0,credit_card,5.0,0.24,Fully Paid,0
Dec-2015,2015-12,15000.0,10.78,75000.0,26.24,705.0,73.3,0.0,1.0,debt_consolidation,5.0,0.24,Fully Paid,0
Dec-2015,2015-12,21600.0,6.99,120000.0,15.84,715.0,59.8,0.0,0.0,debt_consolidation,5.0,0.24,Fully Paid,0
Dec-2015,2015-12,10000.0,5.32,75000.0,3.86,710.0,16.2,0.0,0.0,credit_card,5.0,0.24,Fully Paid,0
Dec-2015,2015-12,5000.0,9.8,92000.0,16.01,670.0,53.8,1.0,1.0,credit_card,5.0,0.24,Charged Off,1
Dec-2015,2015-12,12000.0,6.49,73000.0,14.75,715.0,65.4,0.0,0.0,credit_card,5.0,0.24,Fully Paid,0
Dec-2015,2015-12,15175.0,17.27,58000.0,7.57,745.0,4.3,0.0,1.0,home_improvement,5.0,0.24,Charged Off,1
Dec-2015,2015-12,21000.0,9.17,80000.0,14.69,705.0,48.1,0.0,0.0,debt_consolidation,5.0,0.24,Fully Paid,0
Dec-2015,2015-12,7000.0,5.32,16968.0,12.87,740.0,17.1,0.0,0.0,credit_card,5.0,0.24,Fully Paid,0
Dec-2015,2015-12,12000.0,7.49,108000.0,6.92,715.0,33.5,1.0,1.0,debt_consolidation,5.0,0.24,Fully Paid,0
Dec-2015,2015-12,3200.0,10.78,49000.0,25.91,665.0,79.4,0.0,0.0,debt_consolidation,5.0,0.24,Fully Paid,0
Dec-2015,2015-12,7200.0,14.85,52000.0,39.21,670.0,61.8,1.0,1.0,credit_card,5.0,0.24,Charged Off,1
Dec-2015,2015-12,13200.0,12.88,45000.0,32.56,675.0,56.9,0.0,1.0,debt_consolidation,5.0,0.24,Fully Paid,0
Dec-2015,2015-12,20000.0,12.88,65000.0,17.38,730.0,9.8,2.0,0.0,debt_consolidation,5.0,0.24,Charged Off,1
Dec-2015,2015-12,18000.0,8.49,120000.0,6.42,700.0,48.3,0.0,0.0,credit_card,5.0,0.24,Charged Off,1
Dec-2015,2015-12,18000.0,16.59,50000.0,14.69,705.0,97.2,0.0,2.0,debt_consolidation,5.0,0.24,Fully Paid,0
Dec-2015,2015-12,7500.0,15.77,75000.0,9.74,665.0,63.8,0.0,0.0,debt_consolidation,5.0,0.24,Fully Paid,0
Dec-2015,2015-12,15000.0,12.88,118000.0,23.7,705.0,44.2,0.0,0.0,credit_card,5.0,0.24,Fully Paid,0
Dec-2015,2015-12,2400.0,7.49,50000.0,11.67,735.0,100.3,0.0,0.0,credit_card,5.0,0.24,Fully Paid,0
Dec-2015,2015-12,2000.0,13.44,119945.0,15.61,660.0,64.7,0.0,0.0,debt_consolidation,5.0,0.24,Fully Paid,0
Dec-2015,2015-12,10000.0,12.88,100000.0,16.18,675.0,60.3,0.0,0.0,credit_card,5.0,0.24,Fully Paid,0
Dec-2015,2015-12,30000.0,18.49,103000.0,22.36,675.0,49.0,0.0,4.0,debt_consolidation,5.0,0.24,Charged Off,1
Dec-2015,2015-12,25000.0,7.91,105000.0,16.87,705.0,52.2,0.0,0.0,other,5.0,0.24,Fully Paid,0
Dec-2015,2015-12,11925.0,8.49,50000.0,28.44,770.0,19.5,0.0,0.0,debt_consolidation,5.0,0.24,Fully Paid,0
Dec-2015,2015-12,3000.0,6.49,75000.0,13.38,685.0,74.6,0.0,1.0,home_improvement,5.0,0.24,Fully Paid,0
Dec-2015,2015-12,13200.0,9.17,98000.0,10.03,665.0,50.5,0.0,0.0,credit_card,5.0,0.24,Charged Off,1
Dec-2015,2015-12,5000.0,12.88,48000.0,17.48,690.0,41.2,0.0,0.0,debt_consolidation,5.0,0.24,Fully Paid,0
Dec-2015,2015-12,9000.0,9.8,81000.0,22.64,660.0,55.1,0.0,0.0,debt_consolidation,5.0,0.24,Fully Paid,0
Dec-2015,2015-12,10000.0,9.17,43000.0,12.39,710.0,68.3,0.0,0.0,debt_consolidation,5.0,0.24,Fully Paid,0
Dec-2015,2015-12,1000.0,11.99,36522.0,35.72,660.0,78.0,0.0,0.0,other,5.0,0.24,Fully Paid,0
Dec-2015,2015-12,12000.0,13.99,35000.0,32.68,700.0,67.9,0.0,0.0,debt_consolidation,5.0,0.24,Charged Off,1
Dec-2015,2015-12,24000.0,5.32,200000.0,22.55,710.0,61.6,0.0,0.0,debt_consolidation,5.0,0.24,Fully Paid,0
Dec-2015,2015-12,8500.0,9.17,35500.0,5.88,700.0,38.4,0.0,0.0,credit_card,5.0,0.24,Fully Paid,0
Dec-2015,2015-12,3500.0,6.49,56000.0,19.03,680.0,11.5,3.0,0.0,debt_consolidation,5.0,0.24,Fully Paid,0
Dec-2015,2015-12,16100.0,17.27,50000.0,15.96,685.0,97.5,0.0,0.0,debt_consolidation,5.0,0.24,Fully Paid,0
Dec-2015,2015-12,10000.0,19.48,117000.0,12.73,735.0,14.5,0.0,0.0,small_business,5.0,0.24,Fully Paid,0
Dec-2015,2015-12,6000.0,8.49,42000.0,26.06,730.0,20.8,0.0,0.0,debt_consolidation,5.0,0.24,Fully Paid,0
Dec-2015,2015-12,5000.0,6.99,61000.0,30.53,710.0,29.5,4.0,0.0,debt_consolidation,5.0,0.24,Fully Paid,0
Dec-2015,2015-12,18000.0,6.49,100000.0,10.49,720.0,33.4,0.0,0.0,debt_consolidation,5.0,0.24,Fully Paid,0
Dec-2015,2015-12,1000.0,13.99,30000.0,31.08,680.0,57.1,0.0,0.0,other,5.0,0.24,Charged Off,1
Dec-2015,2015-12,3850.0,13.44,45000.0,22.59,690.0,55.4,1.0,0.0,debt_consolidation,5.0,0.24,Fully Paid,0
Dec-2015,2015-12,2000.0,11.99,35000.0,4.01,660.0,17.1,0.0,2.0,debt_consolidation,5.0,0.24,Fully Paid,0
Dec-2015,2015-12,10175.0,19.89,63900.0,20.28,685.0,31.5,1.0,1.0,credit_card,5.0,0.24,Fully Paid,0
Dec-2015,2015-12,10000.0,6.99,70000.0,21.79,730.0,25.9,0.0,0.0,home_improvement,5.0,0.24,Fully Paid,0
Dec-2015,2015-12,20000.0,9.8,52000.0,17.75,745.0,33.0,0.0,0.0,debt_consolidation,5.0,0.24,Fully Paid,0
Dec-2015,2015-12,35000.0,10.78,110000.0,25.38,705.0,88.2,0.0,1.0,credit_card,5.0,0.24,Fully Paid,0
Dec-2015,2015-12,20000.0,12.88,93534.0,13.95,750.0,26.1,0.0,1.0,debt_consolidation,5.0,0.24,Fully Paid,0
Dec-2015,2015-12,20000.0,6.49,95000.0,12.63,740.0,35.5,0.0,1.0,debt_consolidation,5.0,0.24,Fully Paid,0
Dec-2015,2015-12,12250.0,14.85,26679.38,34.1,710.0,41.3,0.0,0.0,debt_consolidation,5.0,0.24,Charged Off,1
Dec-2015,2015-12,15000.0,5.32,90000.0,16.91,765.0,30.3,0.0,1.0,credit_card,5.0,0.24,Fully Paid,0
Dec-2015,2015-12,10000.0,5.32,80000.0,5.27,685.0,47.2,0.0,0.0,credit_card,5.0,0.24,Fully Paid,0
Dec-2015,2015-12,3600.0,10.78,39000.0,9.48,765.0,33.6,0.0,0.0,credit_card,5.0,0.24,Fully Paid,0
Dec-2015,2015-12,5000.0,11.99,68500.0,16.36,675.0,61.8,3.0,0.0,home_improvement,5.0,0.24,Fully Paid,0
Dec-2015,2015-12,35000.0,11.99,80000.0,26.84,725.0,32.5,0.0,1.0,credit_card,5.0,0.24,Fully Paid,0
Dec-2015,2015-12,13000.0,12.88,38000.0,25.89,675.0,49.3,0.0,1.0,home_improvement,5.0,0.24,Fully Paid,0
Dec-2015,2015-12,4000.0,16.59,35000.0,11.45,665.0,55.7,0.0,1.0,debt_consolidation,5.0,0.24,Charged Off,1
Dec-2015,2015-12,22450.0,18.99,74000.0,33.18,675.0,80.6,1.0,0.0,debt_consolidation,5.0,0.24,Charged Off,1
Dec-2015,2015-12,4800.0,11.99,45000.0,10.29,670.0,78.2,0.0,0.0,credit_card,5.0,0.24,Fully Paid,0
Dec-2015,2015-12,21275.0,14.85,56035.0,32.79,685.0,65.1,0.0,1.0,debt_consolidation,5.0,0.24,Fully Paid,0
Dec-2015,2015-12,15000.0,5.32,100000.0,15.76,745.0,19.6,0.0,0.0,credit_card,5.0,0.24,Fully Paid,0
Dec-2015,2015-12,12000.0,12.88,110000.0,9.44,680.0,21.9,0.0,2.0,credit_card,5.0,0.24,Fully Paid,0
Dec-2015,2015-12,9650.0,12.88,55500.0,15.18,660.0,61.2,1.0,0.0,debt_consolidation,5.0,0.24,Fully Paid,0
Dec-2015,2015-12,24000.0,9.8,100000.0,15.46,665.0,65.9,0.0,0.0,debt_consolidation,5.0,0.24,Fully Paid,0
Dec-2015,2015-12,35000.0,10.78,134000.0,23.09,725.0,88.6,0.0,1.0,debt_consolidation,5.0,0.24,Fully Paid,0
Dec-2015,2015-12,25000.0,5.32,125000.0,6.66,715.0,60.7,1.0,0.0,credit_card,5.0,0.24,Fully Paid,0
Dec-2015,2015-12,9100.0,7.91,40000.0,12.57,740.0,22.3,0.0,1.0,debt_consolidation,5.0,0.24,Fully Paid,0
Dec-2015,2015-12,25000.0,14.85,118450.0,25.97,695.0,87.1,0.0,0.0,debt_consolidation,5.0,0.24,Fully Paid,0
Dec-2015,2015-12,18000.0,7.49,60000.0,35.0,740.0,47.0,0.0,0.0,credit_card,5.0,0.24,Fully Paid,0
Dec-2015,2015-12,10800.0,11.48,123000.0,23.62,680.0,79.4,0.0,4.0,credit_card,5.0,0.24,Fully Paid,0
Dec-2015,2015-12,9600.0,9.17,150000.0,5.54,660.0,55.5,0.0,0.0,debt_consolidation,5.0,0.24,Fully Paid,0
Dec-2015,2015-12,3600.0,11.48,55000.0,14.1,720.0,58.6,0.0,0.0,debt_consolidation,5.0,0.24,Fully Paid,0
Dec-2015,2015-12,12000.0,12.88,100000.0,12.31,660.0,49.6,3.0,0.0,credit_card,5.0,0.24,Charged Off,1
Dec-2015,2015-12,12000.0,6.49,65000.0,19.24,765.0,46.5,0.0,1.0,home_improvement,5.0,0.24,Fully Paid,0
Dec-2015,2015-12,18000.0,6.99,89000.0,13.88,680.0,70.2,1.0,0.0,credit_card,5.0,0.24,Fully Paid,0
Dec-2015,2015-12,22925.0,16.59,51000.0,31.04,720.0,65.3,0.0,0.0,debt_consolidation,5.0,0.24,Fully Paid,0
Dec-2015,2015-12,8000.0,6.49,120000.0,4.91,775.0,15.5,0.0,0.0,credit_card,5.0,0.24,Fully Paid,0
Dec-2015,2015-12,7000.0,8.49,100000.0,29.75,675.0,90.5,2.0,1.0,home_improvement,5.0,0.24,Fully Paid,0
Dec-2015,2015-12,4500.0,9.8,39600.0,22.82,705.0,77.5,0.0,0.0,debt_consolidation,5.0,0.24,Fully Paid,0
Dec-2015,2015-12,11500.0,19.48,33888.0,39.16,660.0,59.1,0.0,0.0,other,5.0,0.24,Fully Paid,0
Dec-2015,2015-12,5000.0,9.17,52000.0,24.79,755.0,28.1,0.0,0.0,other,5.0,0.24,Fully Paid,0
Dec-2015,2015-12,5000.0,8.49,141934.0,25.58,710.0,53.9,1.0,0.0,credit_card,5.0,0.24,Charged Off,1
Dec-2015,2015-12,2800.0,17.27,114400.0,6.34,695.0,0.0,0.0,5.0,debt_consolidation,5.0,0.24,Fully Paid,0
Dec-2015,2015-12,12000.0,9.8,75000.0,14.11,685.0,49.7,0.0,0.0,small_business,5.0,0.24,Fully Paid,0
Dec-2015,2015-12,16075.0,12.88,66666.0,13.29,665.0,56.2,0.0,3.0,debt_consolidation,5.0,0.24,Fully Paid,0
Dec-2015,2015-12,21000.0,9.17,85000.0,14.65,685.0,83.7,1.0,0.0,credit_card,5.0,0.24,Fully Paid,0
Dec-2015,2015-12,20000.0,5.32,71665.0,12.31,715.0,56.0,0.0,0.0,debt_consolidation,5.0,0.24,Fully Paid,0
Dec-2015,2015-12,28000.0,8.49,95000.0,19.6,710.0,31.8,0.0,0.0,credit_card,5.0,0.24,Charged Off,1
Dec-2015,2015-12,15000.0,9.8,89000.0,19.5,760.0,26.4,0.0,1.0,debt_consolidation,5.0,0.24,Fully Paid,0
Dec-2015,2015-12,15000.0,17.27,101000.0,39.87,660.0,71.3,0.0,3.0,debt_consolidation,5.0,0.24,Fully Paid,0
Dec-2015,2015-12,24000.0,13.99,120000.0,8.91,700.0,40.0,0.0,0.0,debt_consolidation,5.0,0.24,Fully Paid,0
Dec-2015,2015-12,35000.0,15.77,120000.0,13.34,690.0,73.0,0.0,1.0,credit_card,5.0,0.24,Fully Paid,0
Dec-2015,2015-12,17125.0,27.99,45000.0,17.44,660.0,40.6,0.0,3.0,debt_consolidation,5.0,0.24,Fully Paid,0
Dec-2015,2015-12,30000.0,13.99,70000.0,19.9,690.0,54.8,0.0,0.0,debt_consolidation,5.0,0.24,Charged Off,1
Dec-2015,2015-12,8000.0,10.78,43500.0,11.98,665.0,43.0,0.0,2.0,debt_consolidation,5.0,0.24,Charged Off,1
Dec-2015,2015-12,5000.0,9.17,113000.0,26.45,670.0,72.2,1.0,0.0,credit_card,5.0,0.24,Fully Paid,0
Dec-2015,2015-12,9100.0,9.17,70000.0,25.6,725.0,93.3,0.0,0.0,credit_card,5.0,0.24,Fully Paid,0
Dec-2015,2015-12,1800.0,7.49,50000.0,8.28,690.0,63.2,0.0,0.0,credit_card,5.0,0.24,Fully Paid,0
Dec-2015,2015-12,4850.0,7.49,56000.0,6.15,770.0,13.3,0.0,0.0,debt_consolidation,5.0,0.24,Fully Paid,0
Dec-2015,2015-12,24000.0,6.99,127000.0,12.07,710.0,38.3,1.0,0.0,home_improvement,5.0,0.24,Fully Paid,0
Dec-2015,2015-12,8000.0,5.32,31500.0,15.62,750.0,15.6,0.0,0.0,debt_consolidation,5.0,0.24,Fully Paid,0
Dec-2015,2015-12,10000.0,9.17,35000.0,11.69,675.0,59.1,0.0,0.0,credit_card,5.0,0.24,Fully Paid,0
Dec-2015,2015-12,9600.0,6.49,64567.05,10.48,680.0,44.8,0.0,0.0,credit_card,5.0,0.24,Fully Paid,0
Dec-2015,2015-12,20000.0,18.99,52000.0,26.93,665.0,52.2,0.0,1.0,credit_card,5.0,0.24,Fully Paid,0
Dec-2015,2015-12,10000.0,5.32,32500.0,12.15,795.0,26.0,0.0,1.0,credit_card,5.0,0.24,Fully Paid,0
Dec-2015,2015-12,6000.0,5.32,80000.0,13.5,745.0,20.0,0.0,1.0,credit_card,5.0,0.24,Fully Paid,0
Dec-2015,2015-12,22000.0,5.32,110000.0,7.21,770.0,40.9,0.0,0.0,credit_card,5.0,0.24,Fully Paid,0
Dec-2015,2015-12,28000.0,11.99,82000.0,10.57,820.0,2.0,0.0,0.0,home_improvement,5.0,0.24,Fully Paid,0
Dec-2015,2015-12,5000.0,7.91,93000.0,14.3,680.0,24.3,2.0,0.0,credit_card,5.0,0.24,Fully Paid,0
Dec-2015,2015-12,18000.0,5.32,76000.0,18.44,750.0,8.7,1.0,1.0,home_improvement,5.0,0.24,Fully Paid,0
Dec-2015,2015-12,10000.0,5.32,80000.0,25.73,730.0,47.5,0.0,0.0,credit_card,5.0,0.24,Fully Paid,0
Dec-2015,2015-12,11200.0,11.99,37000.0,7.78,675.0,49.3,0.0,0.0,debt_consolidation,5.0,0.24,Charged Off,1
Dec-2015,2015-12,2150.0,17.27,18300.0,11.74,695.0,13.1,0.0,1.0,medical,5.0,0.24,Charged Off,1
Dec-2015,2015-12,9000.0,12.88,110000.0,17.29,675.0,34.6,0.0,4.0,debt_consolidation,5.0,0.24,Fully Paid,0
Dec-2015,2015-12,12500.0,7.49,99500.0,12.18,705.0,83.1,0.0,0.0,debt_consolidation,5.0,0.24,Fully Paid,0
Dec-2015,2015-12,6000.0,5.32,52000.0,15.82,765.0,28.7,0.0,1.0,credit_card,5.0,0.24,Fully Paid,0
Dec-2015,2015-12,20000.0,14.85,60000.0,26.02,715.0,19.5,0.0,4.0,debt_consolidation,5.0,0.24,Charged Off,1
Dec-2015,2015-12,21000.0,16.59,90000.0,12.09,710.0,16.2,1.0,1.0,debt_consolidation,5.0,0.24,Charged Off,1
Dec-2015,2015-12,35000.0,11.99,148000.0,13.33,735.0,54.0,0.0,0.0,credit_card,5.0,0.24,Fully Paid,0
Dec-2015,2015-12,30000.0,16.59,94000.0,33.15,685.0,70.7,1.0,0.0,debt_consolidation,5.0,0.24,Fully Paid,0
Dec-2015,2015-12,6000.0,8.49,36000.0,23.84,710.0,36.6,2.0,0.0,debt_consolidation,5.0,0.24,Fully Paid,0
Dec-2015,2015-12,28000.0,7.91,111000.0,17.76,715.0,88.1,0.0,1.0,debt_consolidation,5.0,0.24,Fully Paid,0
Dec-2015,2015-12,6000.0,11.99,51000.0,25.04,705.0,32.8,0.0,0.0,debt_consolidation,5.0,0.24,Fully Paid,0
Dec-2015,2015-12,15000.0,11.99,103000.0,32.33,680.0,77.0,0.0,2.0,home_improvement,5.0,0.24,Charged Off,1
Dec-2015,2015-12,30800.0,17.97,111000.0,33.98,700.0,80.6,0.0,0.0,credit_card,5.0,0.24,Fully Paid,0
Dec-2015,2015-12,12000.0,10.78,86308.0,19.13,690.0,36.2,0.0,1.0,debt_consolidation,5.0,0.24,Charged Off,1
Dec-2015,2015-12,2000.0,12.88,86564.0,27.73,660.0,89.7,0.0,2.0,credit_card,5.0,0.24,Fully Paid,0
Dec-2015,2015-12,4275.0,17.27,38500.0,28.55,660.0,59.0,1.0,2.0,debt_consolidation,5.0,0.24,Fully Paid,0
Dec-2015,2015-12,6000.0,5.32,42000.0,16.11,745.0,42.3,0.0,0.0,home_improvement,5.0,0.24,Fully Paid,0
Dec-2015,2015-12,18000.0,7.91,45000.0,10.48,690.0,37.5,1.0,0.0,credit_card,5.0,0.24,Fully Paid,0
Dec-2015,2015-12,25000.0,11.99,70000.0,23.21,670.0,57.2,0.0,1.0,debt_consolidation,5.0,0.24,Fully Paid,0
Dec-2015,2015-12,6000.0,9.8,41500.0,19.81,675.0,22.1,1.0,2.0,credit_card,5.0,0.24,Fully Paid,0
Dec-2015,2015-12,9900.0,9.17,57000.0,21.71,690.0,49.5,0.0,0.0,credit_card,5.0,0.24,Fully Paid,0
Dec-2015,2015-12,35000.0,7.49,125000.0,21.72,720.0,45.7,0.0,0.0,credit_card,5.0,0.24,Fully Paid,0
Dec-2015,2015-12,18250.0,19.89,36500.0,27.52,670.0,45.5,0.0,1.0,debt_consolidation,5.0,0.24,Charged Off,1
Dec-2015,2015-12,12000.0,5.32,110000.0,16.19,745.0,25.0,0.0,2.0,credit_card,5.0,0.24,Fully Paid,0
Dec-2015,2015-12,30000.0,12.88,139000.0,21.38,660.0,80.2,1.0,1.0,credit_card,5.0,0.24,Fully Paid,0
Dec-2015,2015-12,21000.0,9.17,80000.0,23.42,705.0,37.2,0.0,1.0,debt_consolidation,5.0,0.24,Fully Paid,0
Dec-2015,2015-12,1000.0,12.88,45000.0,39.11,695.0,89.3,0.0,0.0,other,5.0,0.24,Fully Paid,0
Dec-2015,2015-12,3600.0,11.99,55000.0,27.93,660.0,42.1,0.0,0.0,debt_consolidation,5.0,0.24,Charged Off,1
Dec-2015,2015-12,12000.0,11.48,47140.0,33.1,695.0,56.7,2.0,0.0,debt_consolidation,5.0,0.24,Fully Paid,0
Dec-2015,2015-12,20000.0,6.99,100000.0,7.1,760.0,5.8,0.0,0.0,debt_consolidation,5.0,0.24,Fully Paid,0
Dec-2015,2015-12,15000.0,5.32,55000.0,25.25,690.0,70.2,0.0,0.0,credit_card,5.0,0.24,Fully Paid,0
Dec-2015,2015-12,7000.0,11.48,41000.0,19.79,670.0,20.4,0.0,2.0,home_improvement,5.0,0.24,Fully Paid,0
Dec-2015,2015-12,30000.0,14.85,112000.0,19.07,670.0,47.6,2.0,0.0,debt_consolidation,5.0,0.24,Fully Paid,0
Dec-2015,2015-12,2000.0,13.44,43500.0,27.61,685.0,25.8,6.0,0.0,debt_consolidation,5.0,0.24,Fully Paid,0
Dec-2015,2015-12,13000.0,10.78,45000.0,26.64,695.0,24.0,0.0,0.0,debt_consolidation,5.0,0.24,Fully Paid,0
Dec-2015,2015-12,15000.0,7.91,170000.0,7.24,745.0,77.2,0.0,0.0,credit_card,5.0,0.24,Fully Paid,0
Dec-2015,2015-12,17000.0,12.88,89000.0,21.02,680.0,78.1,0.0,0.0,debt_consolidation,5.0,0.24,Fully Paid,0
Dec-2015,2015-12,14000.0,6.99,65000.0,15.22,735.0,11.2,1.0,0.0,debt_consolidation,5.0,0.24,Fully Paid,0
Dec-2015,2015-12,10500.0,18.49,47000.0,29.55,685.0,68.8,0.0,0.0,debt_consolidation,5.0,0.24,Charged Off,1
Dec-2015,2015-12,15000.0,13.44,43500.0,24.61,665.0,57.9,0.0,0.0,debt_consolidation,5.0,0.24,Fully Paid,0
Dec-2015,2015-12,12600.0,7.91,73000.0,21.58,685.0,51.0,0.0,1.0,credit_card,5.0,0.24,Fully Paid,0
Dec-2015,2015-12,12000.0,5.32,98000.0,17.73,775.0,19.8,0.0,0.0,major_purchase,5.0,0.24,Fully Paid,0
Dec-2015,2015-12,28000.0,15.77,118000.0,35.91,710.0,21.5,0.0,0.0,debt_consolidation,5.0,0.24,Fully Paid,0
Dec-2015,2015-12,11750.0,28.49,28000.0,22.16,690.0,25.1,0.0,1.0,debt_consolidation,5.0,0.24,Charged Off,1
Dec-2015,2015-12,24000.0,9.8,105000.0,8.32,705.0,28.2,0.0,0.0,debt_consolidation,5.0,0.24,Fully Paid,0
Dec-2015,2015-12,8300.0,7.91,52000.0,9.46,670.0,35.1,0.0,1.0,debt_consolidation,5.0,0.24,Fully Paid,0
Dec-2015,2015-12,15000.0,7.49,67879.0,29.6,730.0,40.4,0.0,0.0,credit_card,5.0,0.24,Fully Paid,0
Dec-2015,2015-12,8000.0,10.78,53000.0,20.13,670.0,50.9,0.0,1.0,debt_consolidation,5.0,0.24,Fully Paid,0
Dec-2015,2015-12,24000.0,18.99,230000.0,14.44,675.0,39.7,0.0,2.0,debt_consolidation,5.0,0.24,Charged Off,1
Dec-2015,2015-12,35000.0,14.85,90000.0,19.13,725.0,66.4,0.0,0.0,debt_consolidation,5.0,0.24,Fully Paid,0
Dec-2015,2015-12,12000.0,11.48,85000.0,22.87,720.0,31.5,1.0,3.0,debt_consolidation,5.0,0.24,Fully Paid,0
Dec-2015,2015-12,13050.0,26.06,43500.0,22.79,715.0,88.3,0.0,0.0,debt_consolidation,5.0,0.24,Fully Paid,0
Dec-2015,2015-12,8400.0,5.32,95000.0,21.79,725.0,29.5,0.0,0.0,debt_consolidation,5.0,0.24,Charged Off,1
Dec-2015,2015-12,9600.0,9.17,90000.0,15.15,705.0,31.3,1.0,1.0,debt_consolidation,5.0,0.24,Fully Paid,0
Dec-2015,2015-12,10000.0,9.17,35000.0,10.55,705.0,37.0,0.0,0.0,debt_consolidation,5.0,0.24,Fully Paid,0
Dec-2015,2015-12,1800.0,9.17,72000.0,13.42,755.0,9.9,0.0,1.0,debt_consolidation,5.0,0.24,Fully Paid,0
Dec-2015,2015-12,15000.0,12.88,94000.0,13.21,670.0,52.0,0.0,5.0,debt_consolidation,5.0,0.24,Fully Paid,0
Dec-2015,2015-12,6000.0,9.17,20000.0,16.99,715.0,79.3,0.0,0.0,debt_consolidation,5.0,0.24,Fully Paid,0
Dec-2015,2015-12,10000.0,6.49,35000.0,19.44,755.0,19.7,0.0,0.0,home_improvement,5.0,0.24,Fully Paid,0
Dec-2015,2015-12,25000.0,5.32,99000.0,18.47,745.0,43.3,0.0,0.0,credit_card,5.0,0.24,Fully Paid,0
Dec-2015,2015-12,8675.0,19.89,36000.0,33.93,675.0,54.0,0.0,1.0,debt_consolidation,5.0,0.24,Fully Paid,0
Dec-2015,2015-12,14000.0,14.85,44500.0,20.05,670.0,82.3,0.0,0.0,debt_consolidation,5.0,0.24,Charged Off,1
Dec-2015,2015-12,16000.0,12.88,64000.0,5.76,685.0,79.2,0.0,1.0,debt_consolidation,5.0,0.24,Fully Paid,0
Dec-2015,2015-12,21700.0,22.45,60300.0,24.74,670.0,71.1,1.0,0.0,debt_consolidation,5.0,0.24,Fully Paid,0
Dec-2015,2015-12,2800.0,17.97,58000.0,18.6,695.0,53.9,0.0,1.0,small_business,5.0,0.24,Fully Paid,0
Dec-2015,2015-12,3600.0,6.99,150000.0,28.08,725.0,58.8,0.0,0.0,debt_consolidation,5.0,0.24,Fully Paid,0
Dec-2015,2015-12,20000.0,6.99,105000.0,19.02,710.0,66.9,0.0,1.0,credit_card,5.0,0.24,Fully Paid,0
Dec-2015,2015-12,30000.0,19.48,88000.0,18.47,665.0,69.2,0.0,0.0,debt_consolidation,5.0,0.24,Fully Paid,0
Dec-2015,2015-12,20000.0,7.49,105000.0,9.71,700.0,65.8,1.0,0.0,debt_consolidation,5.0,0.24,Fully Paid,0
Dec-2015,2015-12,30000.0,20.5,98000.0,7.96,660.0,69.3,2.0,0.0,debt_consolidation,5.0,0.24,Fully Paid,0
Dec-2015,2015-12,10000.0,9.8,75000.0,14.16,700.0,30.0,0.0,3.0,debt_consolidation,5.0,0.24,Fully Paid,0
Dec-2015,2015-12,30000.0,13.99,70000.0,20.72,765.0,12.2,0.0,1.0,home_improvement,5.0,0.24,Fully Paid,0
Dec-2015,2015-12,3350.0,7.91,42251.0,23.49,680.0,78.0,0.0,0.0,credit_card,5.0,0.24,Fully Paid,0
Dec-2015,2015-12,12000.0,18.99,50000.0,21.87,665.0,61.0,0.0,5.0,credit_card,5.0,0.24,Charged Off,1
Dec-2015,2015-12,6000.0,7.49,67000.0,29.05,715.0,87.1,0.0,0.0,credit_card,5.0,0.24,Fully Paid,0
Dec-2015,2015-12,19200.0,10.78,65000.0,15.5,690.0,74.9,0.0,0.0,debt_consolidation,5.0,0.24,Fully Paid,0
Dec-2015,2015-12,12000.0,11.48,110000.0,4.9,675.0,53.8,5.0,0.0,debt_consolidation,5.0,0.24,Fully Paid,0
Dec-2015,2015-12,20000.0,6.49,78000.0,21.6,730.0,63.6,0.0,0.0,credit_card,5.0,0.24,Fully Paid,0
Dec-2015,2015-12,13200.0,14.85,61000.0,15.42,680.0,46.5,0.0,1.0,debt_consolidation,5.0,0.24,Fully Paid,0
Dec-2015,2015-12,35000.0,7.91,145000.0,13.77,710.0,50.6,0.0,0.0,credit_card,5.0,0.24,Fully Paid,0
Dec-2015,2015-12,14400.0,8.49,47000.0,27.96,715.0,55.3,0.0,0.0,debt_consolidation,5.0,0.24,Fully Paid,0
Dec-2015,2015-12,3000.0,11.48,45000.0,15.73,765.0,15.9,0.0,0.0,debt_consolidation,5.0,0.24,Fully Paid,0
Dec-2015,2015-12,23200.0,9.17,110000.0,18.84,665.0,80.8,0.0,0.0,credit_card,5.0,0.24,Fully Paid,0
Dec-2015,2015-12,18250.0,11.48,39696.0,24.55,665.0,54.9,0.0,0.0,credit_card,5.0,0.24,Fully Paid,0
Dec-2015,2015-12,14000.0,19.89,75000.0,16.03,660.0,78.1,0.0,1.0,debt_consolidation,5.0,0.24,Fully Paid,0
Dec-2015,2015-12,12000.0,13.99,90000.0,29.15,670.0,82.8,2.0,2.0,debt_consolidation,5.0,0.24,Charged Off,1
Dec-2015,2015-12,3000.0,13.44,50740.0,17.24,670.0,64.3,0.0,1.0,other,5.0,0.24,Fully Paid,0
Dec-2015,2015-12,4000.0,7.49,83500.0,2.17,755.0,0.5,0.0,0.0,car,5.0,0.24,Fully Paid,0
Dec-2015,2015-12,5000.0,11.99,65000.0,18.52,690.0,60.7,0.0,0.0,major_purchase,5.0,0.24,Charged Off,1
Dec-2015,2015-12,12425.0,18.99,24897.72,6.62,720.0,18.7,0.0,0.0,debt_consolidation,5.0,0.24,Fully Paid,0
Dec-2015,2015-12,31325.0,15.77,157000.0,30.13,690.0,70.5,0.0,0.0,credit_card,5.0,0.24,Fully Paid,0
Dec-2015,2015-12,28000.0,6.49,82000.0,12.67,700.0,61.0,0.0,0.0,credit_card,5.0,0.24,Fully Paid,0
Dec-2015,2015-12,2500.0,14.85,32000.0,16.73,670.0,59.2,0.0,1.0,major_purchase,5.0,0.24,Fully Paid,0
Dec-2015,2015-12,5000.0,8.49,29000.0,6.46,690.0,56.0,0.0,0.0,debt_consolidation,5.0,0.24,Fully Paid,0
Dec-2015,2015-12,1400.0,16.59,54000.0,20.24,665.0,46.1,0.0,2.0,home_improvement,5.0,0.24,Fully Paid,0
Dec-2015,2015-12,8200.0,16.59,79000.0,0.76,670.0,8.8,1.0,1.0,debt_consolidation,5.0,0.24,Fully Paid,0
Dec-2015,2015-12,5400.0,5.32,41000.0,26.23,770.0,3.9,0.0,0.0,credit_card,5.0,0.24,Fully Paid,0
Dec-2015,2015-12,25000.0,11.48,185000.0,14.03,705.0,46.8,0.0,2.0,debt_consolidation,5.0,0.24,Fully Paid,0
Dec-2015,2015-12,20000.0,12.88,50000.0,4.94,660.0,59.2,0.0,0.0,debt_consolidation,5.0,0.24,Fully Paid,0
Dec-2015,2015-12,25500.0,11.99,72000.0,16.37,715.0,38.1,0.0,0.0,credit_card,5.0,0.24,Fully Paid,0
Dec-2015,2015-12,13475.0,7.91,120000.0,19.79,745.0,54.0,0.0,0.0,other,5.0,0.24,Fully Paid,0
Dec-2015,2015-12,7200.0,8.49,42000.0,13.54,690.0,18.2,0.0,0.0,major_purchase,5.0,0.24,Fully Paid,0
Dec-2015,2015-12,30000.0,14.85,124000.0,15.61,675.0,74.1,0.0,0.0,debt_consolidation,5.0,0.24,Fully Paid,0
Dec-2015,2015-12,15000.0,8.49,50500.0,24.76,780.0,20.5,0.0,0.0,debt_consolidation,5.0,0.24,Fully Paid,0
Dec-2015,2015-12,21600.0,19.48,121000.0,19.93,665.0,70.0,2.0,1.0,debt_consolidation,5.0,0.24,Charged Off,1
Dec-2015,2015-12,15000.0,11.99,100000.0,7.58,660.0,23.8,0.0,1.0,debt_consolidation,5.0,0.24,Fully Paid,0
Dec-2015,2015-12,11000.0,18.99,55000.0,0.94,730.0,4.5,0.0,3.0,moving,5.0,0.24,Fully Paid,0
Dec-2015,2015-12,6400.0,13.44,54000.0,27.44,680.0,21.2,2.0,1.0,debt_consolidation,5.0,0.24,Charged Off,1
Dec-2015,2015-12,10000.0,8.49,63000.0,24.67,690.0,86.3,0.0,1.0,debt_consolidation,5.0,0.24,Charged Off,1
Dec-2015,2015-12,5725.0,6.99,25000.0,12.67,700.0,31.0,0.0,0.0,debt_consolidation,5.0,0.24,Fully Paid,0
Dec-2015,2015-12,15600.0,8.49,38000.0,17.59,710.0,29.7,0.0,0.0,debt_consolidation,5.0,0.24,Charged Off,1
Dec-2015,2015-12,20000.0,17.27,124000.0,31.23,670.0,65.6,0.0,1.0,credit_card,5.0,0.24,Charged Off,1
Dec-2015,2015-12,4550.0,10.78,78000.0,26.08,670.0,56.1,0.0,0.0,small_business,5.0,0.24,Fully Paid,0
Dec-2015,2015-12,11000.0,11.48,75000.0,10.78,665.0,92.3,0.0,0.0,debt_consolidation,5.0,0.24,Fully Paid,0
Dec-2015,2015-12,26825.0,18.99,66548.0,31.61,685.0,84.0,0.0,1.0,debt_consolidation,5.0,0.24,Fully Paid,0
Dec-2015,2015-12,8375.0,13.99,32000.0,7.5,660.0,29.3,0.0,0.0,debt_consolidation,5.0,0.24,Charged Off,1
Dec-2015,2015-12,25000.0,8.49,135000.0,22.37,715.0,37.3,2.0,0.0,debt_consolidation,5.0,0.24,Fully Paid,0
Dec-2015,2015-12,15000.0,19.89,50000.0,21.87,690.0,26.8,0.0,0.0,debt_consolidation,5.0,0.24,Charged Off,1
Dec-2015,2015-12,19200.0,5.32,60000.0,17.84,720.0,75.9,0.0,0.0,credit_card,5.0,0.24,Fully Paid,0
Dec-2015,2015-12,16000.0,14.85,70000.0,26.16,735.0,0.9,0.0,2.0,small_business,5.0,0.24,Fully Paid,0
Dec-2015,2015-12,24000.0,7.49,48000.0,16.58,735.0,47.5,0.0,0.0,credit_card,5.0,0.24,Fully Paid,0
Dec-2015,2015-12,12000.0,5.32,50000.0,7.54,770.0,17.6,0.0,0.0,credit_card,5.0,0.24,Fully Paid,0
Dec-2015,2015-12,14400.0,9.17,82000.0,12.47,670.0,39.0,1.0,1.0,major_purchase,5.0,0.24,Fully Paid,0
Dec-2015,2015-12,4325.0,9.8,40000.0,14.79,660.0,60.0,0.0,0.0,car,5.0,0.24,Fully Paid,0
Dec-2015,2015-12,7500.0,16.59,50000.0,26.76,665.0,44.6,1.0,1.0,home_improvement,5.0,0.24,Fully Paid,0
Dec-2015,2015-12,25000.0,10.78,50000.0,39.3,725.0,71.6,0.0,0.0,credit_card,5.0,0.24,Fully Paid,0
Dec-2015,2015-12,14000.0,10.78,120000.0,12.52,705.0,62.7,1.0,0.0,credit_card,5.0,0.24,Fully Paid,0
Dec-2015,2015-12,3525.0,11.48,20000.0,25.63,675.0,68.0,0.0,1.0,credit_card,5.0,0.24,Fully Paid,0
Dec-2015,2015-12,5400.0,9.8,80000.0,18.17,665.0,75.2,3.0,1.0,debt_consolidation,5.0,0.24,Charged Off,1
Dec-2015,2015-12,24000.0,23.13,104000.0,24.75,665.0,87.4,0.0,1.0,debt_consolidation,5.0,0.24,Fully Paid,0
Dec-2015,2015-12,17000.0,6.49,52000.0,12.29,680.0,10.7,1.0,2.0,debt_consolidation,5.0,0.24,Fully Paid,0
Dec-2015,2015-12,10000.0,13.44,90000.0,16.28,685.0,20.4,0.0,2.0,credit_card,5.0,0.24,Fully Paid,0
Dec-2015,2015-12,35000.0,17.97,150000.0,25.11,670.0,85.3,1.0,1.0,debt_consolidation,5.0,0.24,Fully Paid,0
Dec-2015,2015-12,12000.0,8.49,68000.0,12.02,740.0,37.3,0.0,0.0,debt_consolidation,5.0,0.24,Fully Paid,0
Dec-2015,2015-12,21600.0,14.85,86000.0,13.58,685.0,25.4,0.0,0.0,other,5.0,0.24,Fully Paid,0
Dec-2015,2015-12,4000.0,15.77,60000.0,38.02,695.0,30.3,0.0,1.0,credit_card,5.0,0.24,Fully Paid,0
Dec-2015,2015-12,18000.0,5.32,200000.0,13.57,775.0,17.6,0.0,2.0,debt_consolidation,5.0,0.24,Fully Paid,0
Dec-2015,2015-12,20900.0,18.49,55000.0,18.96,665.0,84.1,0.0,2.0,car,5.0,0.24,Fully Paid,0
Dec-2015,2015-12,20825.0,16.59,81500.0,24.59,675.0,34.0,2.0,0.0,debt_consolidation,5.0,0.24,Fully Paid,0
Dec-2015,2015-12,10175.0,9.8,65000.0,28.03,690.0,57.0,0.0,1.0,debt_consolidation,5.0,0.24,Fully Paid,0
Dec-2015,2015-12,12000.0,16.59,101000.0,22.96,685.0,46.9,0.0,3.0,debt_consolidation,5.0,0.24,Fully Paid,0
Dec-2015,2015-12,20000.0,15.77,57000.0,21.09,680.0,98.1,0.0,0.0,debt_consolidation,5.0,0.24,Charged Off,1
Dec-2015,2015-12,4000.0,9.8,47000.0,19.59,755.0,14.7,0.0,0.0,home_improvement,5.0,0.24,Fully Paid,0
Dec-2015,2015-12,15000.0,10.78,200000.0,13.57,710.0,55.9,0.0,2.0,credit_card,5.0,0.24,Charged Off,1
Dec-2015,2015-12,16000.0,18.49,65000.0,15.73,680.0,77.1,0.0,0.0,credit_card,5.0,0.24,Fully Paid,0
Dec-2015,2015-12,14000.0,15.77,132700.0,25.38,660.0,78.0,2.0,5.0,debt_consolidation,5.0,0.24,Fully Paid,0
Dec-2015,2015-12,4175.0,12.88,50720.0,9.16,665.0,85.0,0.0,0.0,debt_consolidation,5.0,0.24,Fully Paid,0
Dec-2015,2015-12,5000.0,11.48,43498.0,26.2,660.0,75.2,1.0,1.0,debt_consolidation,5.0,0.24,Charged Off,1
Dec-2015,2015-12,20000.0,9.17,60000.0,10.45,665.0,52.3,0.0,0.0,credit_card,5.0,0.24,Fully Paid,0
Dec-2015,2015-12,30000.0,6.99,202000.0,11.65,730.0,82.2,0.0,0.0,credit_card,5.0,0.24,Fully Paid,0
Dec-2015,2015-12,5500.0,11.99,37000.0,21.15,720.0,81.0,0.0,0.0,debt_consolidation,5.0,0.24,Fully Paid,0
Dec-2015,2015-12,30000.0,12.88,100000.0,16.21,695.0,56.0,0.0,0.0,debt_consolidation,5.0,0.24,Fully Paid,0
Dec-2015,2015-12,24000.0,13.44,120000.0,14.42,700.0,82.5,0.0,1.0,debt_consolidation,5.0,0.24,Fully Paid,0
Dec-2015,2015-12,9800.0,10.78,47000.0,14.69,665.0,67.9,0.0,0.0,debt_consolidation,5.0,0.24,Fully Paid,0
Dec-2015,2015-12,12000.0,9.17,110000.0,24.61,695.0,68.3,0.0,0.0,credit_card,5.0,0.24,Fully Paid,0
Dec-2015,2015-12,15000.0,5.32,70000.0,22.77,705.0,58.8,0.0,0.0,credit_card,5.0,0.24,Fully Paid,0
Dec-2015,2015-12,24000.0,7.91,80000.0,27.58,755.0,44.5,0.0,0.0,debt_consolidation,5.0,0.24,Fully Paid,0
Dec-2015,2015-12,10000.0,8.49,45000.0,31.8,700.0,48.0,1.0,0.0,debt_consolidation,5.0,0.24,Fully Paid,0
Dec-2015,2015-12,19800.0,12.88,78924.0,13.12,765.0,24.7,0.0,0.0,debt_consolidation,5.0,0.24,Fully Paid,0
Dec-2015,2015-12,8000.0,9.17,38480.0,29.2,705.0,11.2,1.0,3.0,credit_card,5.0,0.24,Fully Paid,0
Dec-2015,2015-12,5600.0,12.88,38000.0,30.98,685.0,55.7,1.0,0.0,debt_consolidation,5.0,0.24,Fully Paid,0
Dec-2015,2015-12,20000.0,9.8,100000.0,15.83,680.0,37.7,0.0,1.0,debt_consolidation,5.0,0.24,Fully Paid,0
Dec-2015,2015-12,10000.0,5.32,118000.0,7.37,710.0,44.3,0.0,1.0,debt_consolidation,5.0,0.24,Fully Paid,0
Dec-2015,2015-12,3000.0,11.99,42000.0,6.74,685.0,50.4,0.0,1.0,house,5.0,0.24,Fully Paid,0
Dec-2015,2015-12,9525.0,20.5,35000.0,18.39,660.0,33.5,0.0,4.0,debt_consolidation,5.0,0.24,Fully Paid,0
Dec-2015,2015-12,10000.0,9.8,52000.0,18.69,690.0,32.2,0.0,1.0,debt_consolidation,5.0,0.24,Fully Paid,0
Dec-2015,2015-12,10000.0,7.49,60000.0,26.02,745.0,66.1,0.0,1.0,debt_consolidation,5.0,0.24,Fully Paid,0
Dec-2015,2015-12,15500.0,11.99,55000.0,12.63,665.0,28.2,1.0,1.0,debt_consolidation,5.0,0.24,Fully Paid,0
Dec-2015,2015-12,3000.0,7.49,86000.0,1.94,785.0,7.1,0.0,1.0,medical,5.0,0.24,Fully Paid,0
Dec-2015,2015-12,1000.0,13.44,50000.0,3.07,660.0,29.8,1.0,0.0,debt_consolidation,5.0,0.24,Fully Paid,0
Dec-2015,2015-12,20000.0,11.48,79000.0,8.39,670.0,31.4,0.0,2.0,debt_consolidation,5.0,0.24,Charged Off,1
Dec-2015,2015-12,16275.0,27.49,37000.0,18.72,685.0,12.3,0.0,1.0,debt_consolidation,5.0,0.24,Charged Off,1
Dec-2015,2015-12,16000.0,18.49,40000.0,34.41,680.0,50.0,0.0,2.0,small_business,5.0,0.24,Fully Paid,0
Dec-2015,2015-12,10000.0,11.48,72000.0,22.83,690.0,16.0,0.0,2.0,debt_consolidation,5.0,0.24,Fully Paid,0
Dec-2015,2015-12,4000.0,7.91,45000.0,19.07,740.0,11.6,0.0,2.0,debt_consolidation,5.0,0.24,Fully Paid,0
Dec-2015,2015-12,4000.0,11.99,53000.0,15.53,700.0,50.5,1.0,1.0,other,5.0,0.24,Fully Paid,0
Dec-2015,2015-12,10650.0,19.89,87500.0,11.41,690.0,25.1,2.0,3.0,house,5.0,0.24,Charged Off,1
Dec-2015,2015-12,6950.0,13.99,20000.0,24.13,665.0,84.7,0.0,0.0,home_improvement,5.0,0.24,Fully Paid,0
Dec-2015,2015-12,8000.0,9.8,26000.0,5.68,710.0,66.8,0.0,0.0,debt_consolidation,5.0,0.24,Fully Paid,0
Dec-2015,2015-12,8000.0,9.8,76000.0,12.29,685.0,83.2,0.0,0.0,debt_consolidation,5.0,0.24,Fully Paid,0
Dec-2015,2015-12,8000.0,13.44,65000.0,38.63,670.0,77.1,0.0,1.0,credit_card,5.0,0.24,Fully Paid,0
Dec-2015,2015-12,7500.0,5.32,60000.0,21.84,760.0,11.4,0.0,0.0,credit_card,5.0,0.24,Fully Paid,0
Dec-2015,2015-12,22350.0,19.48,85000.0,35.79,715.0,71.3,0.0,1.0,credit_card,5.0,0.24,Charged Off,1
Dec-2015,2015-12,10000.0,9.8,75000.0,10.94,730.0,39.1,0.0,0.0,major_purchase,5.0,0.24,Fully Paid,0
Dec-2015,2015-12,6000.0,9.17,44000.0,20.62,680.0,56.8,0.0,0.0,credit_card,5.0,0.24,Fully Paid,0
Dec-2015,2015-12,15000.0,19.89,62800.0,21.19,660.0,37.8,1.0,0.0,debt_consolidation,5.0,0.24,Fully Paid,0
Dec-2015,2015-12,4900.0,15.77,36000.0,20.5,665.0,71.0,1.0,0.0,major_purchase,5.0,0.24,Fully Paid,0
Dec-2015,2015-12,13450.0,17.97,52500.0,25.07,680.0,42.2,1.0,2.0,other,5.0,0.24,Fully Paid,0
Dec-2015,2015-12,5000.0,11.99,95000.0,18.65,775.0,33.4,0.0,0.0,credit_card,5.0,0.24,Fully Paid,0
Dec-2015,2015-12,28000.0,9.8,118000.0,19.34,715.0,69.1,1.0,0.0,credit_card,5.0,0.24,Fully Paid,0
Dec-2015,2015-12,9600.0,11.99,43420.0,7.19,690.0,72.2,0.0,0.0,debt_consolidation,5.0,0.24,Fully Paid,0
Dec-2015,2015-12,14000.0,6.49,40000.0,14.27,800.0,23.2,0.0,0.0,credit_card,5.0,0.24,Fully Paid,0
Dec-2015,2015-12,30000.0,13.99,95000.0,18.97,685.0,61.0,0.0,3.0,debt_consolidation,5.0,0.24,Charged Off,1
Dec-2015,2015-12,17600.0,23.13,40000.0,39.23,680.0,94.6,0.0,1.0,credit_card,5.0,0.24,Fully Paid,0
Dec-2015,2015-12,5000.0,12.88,25000.0,30.94,715.0,37.1,0.0,0.0,other,5.0,0.24,Fully Paid,0
Dec-2015,2015-12,35000.0,13.44,86000.0,16.93,670.0,3.2,0.0,3.0,home_improvement,5.0,0.24,Fully Paid,0
Dec-2015,2015-12,5000.0,10.78,42000.0,22.09,685.0,63.1,1.0,0.0,debt_consolidation,5.0,0.24,Fully Paid,0
Dec-2015,2015-12,30000.0,7.91,153996.0,19.87,740.0,94.5,0.0,1.0,debt_consolidation,5.0,0.24,Fully Paid,0
Dec-2015,2015-12,31075.0,13.99,107901.0,6.8,680.0,70.4,0.0,0.0,debt_consolidation,5.0,0.24,Fully Paid,0
Dec-2015,2015-12,15000.0,10.78,100000.0,15.48,670.0,93.3,0.0,0.0,debt_consolidation,5.0,0.24,Fully Paid,0
Dec-2015,2015-12,24000.0,7.91,116250.0,19.88,710.0,49.3,0.0,0.0,debt_consolidation,5.0,0.24,Fully Paid,0
Dec-2015,2015-12,24000.0,6.49,100000.0,10.06,710.0,39.6,0.0,0.0,credit_card,5.0,0.24,Fully Paid,0
Dec-2015,2015-12,6225.0,11.48,35000.0,34.16,695.0,73.5,0.0,0.0,credit_card,5.0,0.24,Fully Paid,0
Dec-2015,2015-12,9500.0,9.17,72500.0,9.63,680.0,25.6,1.0,0.0,debt_consolidation,5.0,0.24,Fully Paid,0
Dec-2015,2015-12,7800.0,10.78,50500.0,12.02,660.0,46.6,0.0,0.0,medical,5.0,0.24,Charged Off,1
Dec-2015,2015-12,14400.0,7.49,78000.0,28.8,695.0,40.0,0.0,1.0,credit_card,5.0,0.24,Fully Paid,0
Dec-2015,2015-12,35000.0,12.88,195300.0,17.64,735.0,57.6,0.0,0.0,debt_consolidation,5.0,0.24,Fully Paid,0
Dec-2015,2015-12,35000.0,19.48,70000.0,31.27,675.0,36.3,0.0,2.0,major_purchase,5.0,0.24,Fully Paid,0
Dec-2015,2015-12,15350.0,18.99,61000.0,19.83,665.0,70.5,0.0,1.0,debt_consolidation,5.0,0.24,Fully Paid,0
Dec-2015,2015-12,12125.0,17.97,27577.0,38.16,690.0,73.0,0.0,0.0,debt_consolidation,5.0,0.24,Fully Paid,0
Dec-2015,2015-12,12000.0,5.32,107000.0,21.61,765.0,10.5,0.0,0.0,debt_consolidation,5.0,0.24,Fully Paid,0
Dec-2015,2015-12,18000.0,11.48,86000.0,31.23,755.0,18.9,0.0,1.0,medical,5.0,0.24,Charged Off,1
Dec-2015,2015-12,14100.0,16.59,42000.0,15.97,690.0,52.1,0.0,0.0,credit_card,5.0,0.24,Fully Paid,0
Dec-2015,2015-12,20000.0,11.48,120000.0,13.83,695.0,44.7,0.0,1.0,debt_consolidation,5.0,0.24,Fully Paid,0
Dec-2015,2015-12,12000.0,13.44,55000.0,15.75,690.0,44.3,1.0,1.0,debt_consolidation,5.0,0.24,Charged Off,1
Dec-2015,2015-12,8000.0,11.48,50000.0,12.67,680.0,30.0,0.0,1.0,credit_card,5.0,0.24,Fully Paid,0
Dec-2015,2015-12,5525.0,17.97,60000.0,17.58,680.0,35.7,0.0,0.0,debt_consolidation,5.0,0.24,Charged Off,1
Dec-2015,2015-12,3600.0,13.44,90791.91,13.03,665.0,8.5,0.0,1.0,other,5.0,0.24,Fully Paid,0
Dec-2015,2015-12,9600.0,6.49,50000.0,8.76,710.0,8.2,0.0,0.0,debt_consolidation,5.0,0.24,Fully Paid,0
Dec-2015,2015-12,14225.0,15.77,68000.0,11.33,660.0,25.0,0.0,3.0,home_improvement,5.0,0.24,Fully Paid,0
Dec-2015,2015-12,1500.0,9.17,83000.0,22.4,675.0,79.0,0.0,0.0,major_purchase,5.0,0.24,Fully Paid,0
Dec-2015,2015-12,24000.0,16.59,155000.0,16.89,670.0,72.5,2.0,0.0,home_improvement,5.0,0.24,Fully Paid,0
Dec-2015,2015-12,20000.0,8.49,80000.0,19.26,680.0,41.5,0.0,3.0,credit_card,5.0,0.24,Fully Paid,0
Dec-2015,2015-12,24800.0,21.48,70000.0,14.17,680.0,45.3,0.0,0.0,credit_card,5.0,0.24,Fully Paid,0
Dec-2015,2015-12,35000.0,18.49,170000.0,16.04,670.0,55.8,1.0,1.0,debt_consolidation,5.0,0.24,Charged Off,1
Dec-2015,2015-12,28000.0,11.99,75000.0,11.36,660.0,64.0,4.0,0.0,debt_consolidation,5.0,0.24,Fully Paid,0
Dec-2015,2015-12,21500.0,18.99,65000.0,30.26,670.0,48.4,0.0,2.0,debt_consolidation,5.0,0.24,Fully Paid,0
Dec-2015,2015-12,10000.0,12.88,160000.0,11.44,675.0,36.9,0.0,0.0,debt_consolidation,5.0,0.24,Fully Paid,0
Dec-2015,2015-12,10400.0,7.91,35620.0,21.46,700.0,75.0,0.0,0.0,debt_consolidation,5.0,0.24,Fully Paid,0
Dec-2015,2015-12,2800.0,16.59,29000.0,30.92,665.0,87.9,0.0,0.0,other,5.0,0.24,Fully Paid,0
Dec-2015,2015-12,24000.0,12.88,70000.0,22.69,660.0,92.2,0.0,0.0,debt_consolidation,5.0,0.24,Charged Off,1
Dec-2015,2015-12,28000.0,15.77,95000.0,8.59,705.0,96.9,0.0,0.0,credit_card,5.0,0.24,Fully Paid,0
Dec-2015,2015-12,5000.0,7.91,300000.0,8.69,685.0,45.6,0.0,1.0,home_improvement,5.0,0.24,Fully Paid,0
Dec-2015,2015-12,10000.0,8.49,50000.0,21.75,675.0,56.0,0.0,0.0,debt_consolidation,5.0,0.24,Fully Paid,0
Dec-2015,2015-12,32000.0,23.13,104800.0,14.92,710.0,88.4,0.0,0.0,home_improvement,5.0,0.24,Fully Paid,0
Dec-2015,2015-12,10000.0,9.8,78000.0,12.28,685.0,89.2,0.0,0.0,other,5.0,0.24,Fully Paid,0
Dec-2015,2015-12,18625.0,13.44,44400.0,7.78,680.0,88.6,1.0,0.0,debt_consolidation,5.0,0.24,Charged Off,1
Dec-2015,2015-12,6000.0,7.49,110000.0,18.8,710.0,71.7,0.0,0.0,debt_consolidation,5.0,0.24,Fully Paid,0
Dec-2015,2015-12,15000.0,10.78,48000.0,33.6,705.0,60.2,0.0,0.0,debt_consolidation,5.0,0.24,Fully Paid,0
Dec-2015,2015-12,5000.0,10.78,36000.0,24.03,745.0,33.8,0.0,0.0,other,5.0,0.24,Fully Paid,0
Dec-2015,2015-12,15000.0,6.0,125000.0,23.15,695.0,95.3,0.0,3.0,debt_consolidation,5.0,0.24,Fully Paid,0
Dec-2015,2015-12,15000.0,15.77,80350.0,26.88,710.0,17.1,0.0,0.0,debt_consolidation,5.0,0.24,Fully Paid,0
Dec-2015,2015-12,35000.0,10.78,118000.0,20.47,720.0,51.8,0.0,0.0,credit_card,5.0,0.24,Fully Paid,0
Dec-2015,2015-12,15000.0,9.17,90509.0,6.27,710.0,25.3,0.0,0.0,debt_consolidation,5.0,0.24,Fully Paid,0
Dec-2015,2015-12,3000.0,10.78,48650.0,10.11,675.0,15.8,0.0,0.0,debt_consolidation,5.0,0.24,Fully Paid,0
Dec-2015,2015-12,18000.0,11.99,150000.0,17.39,670.0,52.7,0.0,2.0,debt_consolidation,5.0,0.24,Fully Paid,0
Dec-2015,2015-12,5000.0,12.88,59000.0,3.82,660.0,40.3,0.0,2.0,debt_consolidation,5.0,0.24,Fully Paid,0
Dec-2015,2015-12,10000.0,6.99,80000.0,11.28,745.0,17.7,0.0,0.0,credit_card,5.0,0.24,Fully Paid,0
Dec-2015,2015-12,20000.0,13.99,65000.0,14.31,675.0,71.5,0.0,0.0,debt_consolidation,5.0,0.24,Fully Paid,0
Dec-2015,2015-12,8000.0,7.91,110000.0,22.32,725.0,34.9,0.0,2.0,debt_consolidation,5.0,0.24,Fully Paid,0
Dec-2015,2015-12,6000.0,15.77,26000.0,24.52,660.0,36.4,0.0,2.0,other,5.0,0.24,Fully Paid,0
Dec-2015,2015-12,8000.0,5.32,113000.0,10.44,730.0,29.2,0.0,0.0,credit_card,5.0,0.24,Fully Paid,0
Dec-2015,2015-12,9000.0,11.99,41000.0,34.95,715.0,65.8,0.0,1.0,credit_card,5.0,0.24,Fully Paid,0
Dec-2015,2015-12,35000.0,7.49,210000.0,21.9,705.0,78.0,0.0,2.0,debt_consolidation,5.0,0.24,Fully Paid,0
Dec-2015,2015-12,21000.0,19.48,79500.0,16.91,695.0,96.0,0.0,3.0,credit_card,5.0,0.24,Fully Paid,0
Dec-2015,2015-12,6400.0,14.85,45000.0,18.53,755.0,7.8,0.0,2.0,debt_consolidation,5.0,0.24,Fully Paid,0
Dec-2015,2015-12,12000.0,11.48,36000.0,23.26,705.0,68.4,0.0,1.0,debt_consolidation,5.0,0.24,Fully Paid,0
Dec-2015,2015-12,15000.0,11.48,60000.0,24.32,690.0,86.9,1.0,0.0,debt_consolidation,5.0,0.24,Fully Paid,0
Dec-2015,2015-12,22000.0,6.99,75000.0,22.79,725.0,77.4,0.0,0.0,debt_consolidation,5.0,0.24,Fully Paid,0
Dec-2015,2015-12,30000.0,8.49,160300.0,28.48,705.0,66.7,0.0,0.0,credit_card,5.0,0.24,Fully Paid,0
Dec-2015,2015-12,18000.0,5.32,415000.0,8.59,770.0,43.0,0.0,4.0,credit_card,5.0,0.24,Fully Paid,0
Dec-2015,2015-12,5500.0,11.99,135000.0,20.06,660.0,68.1,0.0,4.0,home_improvement,5.0,0.24,Charged Off,1
Dec-2015,2015-12,10000.0,9.17,40000.0,15.12,695.0,53.8,0.0,0.0,debt_consolidation,5.0,0.24,Fully Paid,0
Dec-2015,2015-12,10000.0,13.99,35000.0,29.01,660.0,64.5,0.0,0.0,credit_card,5.0,0.24,Charged Off,1
Dec-2015,2015-12,31500.0,10.78,145000.0,29.82,720.0,86.2,2.0,0.0,debt_consolidation,5.0,0.24,Fully Paid,0
Dec-2015,2015-12,20000.0,9.17,57500.0,12.06,695.0,100.1,0.0,0.0,credit_card,5.0,0.24,Fully Paid,0
Dec-2015,2015-12,3600.0,14.85,41200.0,34.66,665.0,82.8,0.0,1.0,medical,5.0,0.24,Fully Paid,0
Dec-2015,2015-12,25000.0,6.49,52000.0,27.03,725.0,40.7,0.0,1.0,credit_card,5.0,0.24,Fully Paid,0
Dec-2015,2015-12,24000.0,9.17,85000.0,11.66,770.0,26.2,0.0,1.0,debt_consolidation,5.0,0.24,Fully Paid,0
Dec-2015,2015-12,22950.0,17.97,115000.0,10.66,690.0,27.6,0.0,0.0,debt_consolidation,5.0,0.24,Fully Paid,0
Dec-2015,2015-12,35000.0,12.88,145000.0,13.25,670.0,52.8,0.0,0.0,credit_card,5.0,0.24,Fully Paid,0
Dec-2015,2015-12,3600.0,7.91,51000.0,12.92,690.0,25.9,0.0,0.0,car,5.0,0.24,Fully Paid,0
Dec-2015,2015-12,18000.0,9.8,45000.0,21.39,730.0,8.8,0.0,3.0,major_purchase,5.0,0.24,Fully Paid,0
Dec-2015,2015-12,15000.0,17.27,55000.0,33.86,665.0,77.0,0.0,2.0,other,5.0,0.24,Fully Paid,0
Dec-2015,2015-12,28000.0,15.77,90000.0,11.12,665.0,67.0,0.0,2.0,debt_consolidation,5.0,0.24,Fully Paid,0
Dec-2015,2015-12,3850.0,21.48,88000.0,6.23,715.0,0.5,1.0,3.0,home_improvement,5.0,0.24,Charged Off,1
Dec-2015,2015-12,35000.0,14.85,110000.0,4.64,700.0,58.1,0.0,0.0,debt_consolidation,5.0,0.24,Fully Paid,0
Dec-2015,2015-12,9000.0,9.17,62000.0,19.32,660.0,40.1,0.0,0.0,credit_card,5.0,0.24,Fully Paid,0
Dec-2015,2015-12,35000.0,14.85,100000.0,26.47,740.0,32.3,0.0,2.0,home_improvement,5.0,0.24,Fully Paid,0
